x,y,dswirl-velocity-dy
 1.627499983E-02, 5.000000075E-02,-7.54E+00
 1.642500050E-02, 5.000000075E-02,-7.39E+00
 1.657499932E-02, 5.000000075E-02,-7.23E+00
 1.672499999E-02, 5.000000075E-02,-7.07E+00
 1.687500067E-02, 5.000000075E-02,-6.90E+00
 1.702499948E-02, 5.000000075E-02,-6.71E+00
 1.717500016E-02, 5.000000075E-02,-6.52E+00
 1.732500084E-02, 5.000000075E-02,-6.32E+00
 1.747499965E-02, 5.000000075E-02,-6.11E+00
 1.762500033E-02, 5.000000075E-02,-5.90E+00
 1.777499914E-02, 5.000000075E-02,-5.68E+00
 1.792499982E-02, 5.000000075E-02,-5.45E+00
 1.807500049E-02, 5.000000075E-02,-5.22E+00
 1.822499931E-02, 5.000000075E-02,-4.99E+00
 1.837499999E-02, 5.000000075E-02,-4.76E+00
 1.852500066E-02, 5.000000075E-02,-4.53E+00
 1.867499948E-02, 5.000000075E-02,-4.30E+00
 1.882500015E-02, 5.000000075E-02,-4.08E+00
 1.897500083E-02, 5.000000075E-02,-3.87E+00
 1.912499964E-02, 5.000000075E-02,-3.67E+00
 1.927500032E-02, 5.000000075E-02,-3.48E+00
 1.942499913E-02, 5.000000075E-02,-3.31E+00
 1.957499981E-02, 5.000000075E-02,-3.15E+00
 1.972500049E-02, 5.000000075E-02,-3.02E+00
 1.987499930E-02, 5.000000075E-02,-2.91E+00
 2.002499998E-02, 5.000000075E-02,-2.83E+00
 2.017500065E-02, 5.000000075E-02,-2.77E+00
 2.032499947E-02, 5.000000075E-02,-2.75E+00
 2.047500014E-02, 5.000000075E-02,-2.75E+00
 2.062499896E-02, 5.000000075E-02,-2.78E+00
 2.077499963E-02, 5.000000075E-02,-2.84E+00
 2.092500031E-02, 5.000000075E-02,-2.93E+00
 2.107499912E-02, 5.000000075E-02,-3.04E+00
 2.122499980E-02, 5.000000075E-02,-3.18E+00
 2.137500048E-02, 5.000000075E-02,-3.33E+00
 2.152499929E-02, 5.000000075E-02,-3.51E+00
 2.167499997E-02, 5.000000075E-02,-3.70E+00
 2.182500064E-02, 5.000000075E-02,-3.90E+00
 2.197499946E-02, 5.000000075E-02,-4.12E+00
 2.212500013E-02, 5.000000075E-02,-4.34E+00
 2.227499895E-02, 5.000000075E-02,-4.57E+00
 2.242499962E-02, 5.000000075E-02,-4.80E+00
 2.257500030E-02, 5.000000075E-02,-5.03E+00
 2.272499911E-02, 5.000000075E-02,-5.26E+00
 2.287499979E-02, 5.000000075E-02,-5.48E+00
 2.302500047E-02, 5.000000075E-02,-5.71E+00
 2.317499928E-02, 5.000000075E-02,-5.93E+00
 2.332499996E-02, 5.000000075E-02,-6.14E+00
 2.347500063E-02, 5.000000075E-02,-6.34E+00
 2.362499945E-02, 5.000000075E-02,-6.54E+00
 2.377500013E-02, 5.000000075E-02,-6.73E+00
 2.392499894E-02, 5.000000075E-02,-6.91E+00
 2.407499962E-02, 5.000000075E-02,-7.08E+00
 2.422500029E-02, 5.000000075E-02,-7.24E+00
 2.437499911E-02, 5.000000075E-02,-7.40E+00
 2.452499978E-02, 5.000000075E-02,-7.54E+00
 2.467500046E-02, 5.000000075E-02,-7.67E+00
 2.482499927E-02, 5.000000075E-02,-7.79E+00
 2.497499995E-02, 5.000000075E-02,-7.91E+00
 2.512500063E-02, 5.000000075E-02,-8.01E+00
 2.527499944E-02, 5.000000075E-02,-8.10E+00
 2.542500012E-02, 5.000000075E-02,-8.19E+00
 2.557499893E-02, 5.000000075E-02,-8.26E+00
 2.572499961E-02, 5.000000075E-02,-8.32E+00
 2.587500028E-02, 5.000000075E-02,-8.38E+00
 2.602499910E-02, 5.000000075E-02,-8.43E+00
 2.617499977E-02, 5.000000075E-02,-8.46E+00
 2.632500045E-02, 5.000000075E-02,-8.49E+00
 2.647499926E-02, 5.000000075E-02,-8.51E+00
 2.662499994E-02, 5.000000075E-02,-8.52E+00
 2.677500062E-02, 5.000000075E-02,-8.52E+00
 2.692499943E-02, 5.000000075E-02,-8.52E+00
 2.707500011E-02, 5.000000075E-02,-8.50E+00
 2.722499892E-02, 5.000000075E-02,-8.47E+00
 2.737499960E-02, 5.000000075E-02,-8.44E+00
 2.752500027E-02, 5.000000075E-02,-8.40E+00
 2.767499909E-02, 5.000000075E-02,-8.35E+00
 2.782499976E-02, 5.000000075E-02,-8.28E+00
 2.797500044E-02, 5.000000075E-02,-8.21E+00
 2.812499925E-02, 5.000000075E-02,-8.13E+00
 2.827499993E-02, 5.000000075E-02,-8.04E+00
 2.842500061E-02, 5.000000075E-02,-7.94E+00
 2.857499942E-02, 5.000000075E-02,-7.83E+00
 2.872500010E-02, 5.000000075E-02,-7.72E+00
 2.887499891E-02, 5.000000075E-02,-7.59E+00
 2.902499959E-02, 5.000000075E-02,-7.45E+00
 2.917500027E-02, 5.000000075E-02,-7.30E+00
 2.932499908E-02, 5.000000075E-02,-7.14E+00
 2.947499976E-02, 5.000000075E-02,-6.97E+00
 2.962500043E-02, 5.000000075E-02,-6.80E+00
 2.977499925E-02, 5.000000075E-02,-6.61E+00
 2.992499992E-02, 5.000000075E-02,-6.42E+00
 3.007499874E-02, 5.000000075E-02,-6.22E+00
 3.022499941E-02, 5.000000075E-02,-6.01E+00
 3.037500009E-02, 5.000000075E-02,-5.79E+00
 3.052499890E-02, 5.000000075E-02,-5.57E+00
 3.067499958E-02, 5.000000075E-02,-5.34E+00
 3.082500026E-02, 5.000000075E-02,-5.11E+00
 3.097499907E-02, 5.000000075E-02,-4.88E+00
 3.112499975E-02, 5.000000075E-02,-4.65E+00
 3.127500042E-02, 5.000000075E-02,-4.43E+00
 3.142499924E-02, 5.000000075E-02,-4.20E+00
 3.157499805E-02, 5.000000075E-02,-3.99E+00
 3.172499686E-02, 5.000000075E-02,-3.78E+00
 3.187499940E-02, 5.000000075E-02,-3.58E+00
 3.202499822E-02, 5.000000075E-02,-3.40E+00
 3.217499703E-02, 5.000000075E-02,-3.23E+00
 3.232499957E-02, 5.000000075E-02,-3.09E+00
 3.247499838E-02, 5.000000075E-02,-2.97E+00
 3.262499720E-02, 5.000000075E-02,-2.87E+00
 3.277499974E-02, 5.000000075E-02,-2.80E+00
 3.292499855E-02, 5.000000075E-02,-2.75E+00
 3.307499737E-02, 5.000000075E-02,-2.74E+00
 3.322499990E-02, 5.000000075E-02,-2.75E+00
 3.337499872E-02, 5.000000075E-02,-2.79E+00
 3.352499753E-02, 5.000000075E-02,-2.86E+00
 3.367500007E-02, 5.000000075E-02,-2.96E+00
 3.382499889E-02, 5.000000075E-02,-3.08E+00
 3.397499770E-02, 5.000000075E-02,-3.22E+00
 3.412500024E-02, 5.000000075E-02,-3.39E+00
 3.427499905E-02, 5.000000075E-02,-3.57E+00
 3.442499787E-02, 5.000000075E-02,-3.76E+00
 3.457500041E-02, 5.000000075E-02,-3.97E+00
 3.472499922E-02, 5.000000075E-02,-4.18E+00
 3.487499803E-02, 5.000000075E-02,-4.41E+00
 3.502499685E-02, 5.000000075E-02,-4.63E+00
 3.517499939E-02, 5.000000075E-02,-4.86E+00
 3.532499820E-02, 5.000000075E-02,-5.09E+00
 3.547499701E-02, 5.000000075E-02,-5.32E+00
 3.562499955E-02, 5.000000075E-02,-5.54E+00
 3.577499837E-02, 5.000000075E-02,-5.76E+00
 3.592499718E-02, 5.000000075E-02,-5.98E+00
 3.607499972E-02, 5.000000075E-02,-6.19E+00
 3.622499853E-02, 5.000000075E-02,-6.39E+00
 3.637499735E-02, 5.000000075E-02,-6.58E+00
 3.652499989E-02, 5.000000075E-02,-6.76E+00
 3.667499870E-02, 5.000000075E-02,-6.94E+00
 3.682499751E-02, 5.000000075E-02,-7.11E+00
 3.697500005E-02, 5.000000075E-02,-7.26E+00
 3.712499887E-02, 5.000000075E-02,-7.41E+00
 3.727499768E-02, 5.000000075E-02,-7.55E+00
 3.742500022E-02, 5.000000075E-02,-7.68E+00
 3.757499903E-02, 5.000000075E-02,-7.80E+00
 3.772499785E-02, 5.000000075E-02,-7.91E+00
 3.787500039E-02, 5.000000075E-02,-8.00E+00
 3.802499920E-02, 5.000000075E-02,-8.09E+00
 3.817499802E-02, 5.000000075E-02,-8.18E+00
 3.832499683E-02, 5.000000075E-02,-8.25E+00
 3.847499937E-02, 5.000000075E-02,-8.31E+00
 3.862499818E-02, 5.000000075E-02,-8.36E+00
 3.877499700E-02, 5.000000075E-02,-8.41E+00
 3.892499954E-02, 5.000000075E-02,-8.44E+00
 3.907499835E-02, 5.000000075E-02,-8.47E+00
 3.922499716E-02, 5.000000075E-02,-8.49E+00
 3.937499970E-02, 5.000000075E-02,-8.49E+00
 3.952499852E-02, 5.000000075E-02,-8.50E+00
 3.967499733E-02, 5.000000075E-02,-8.49E+00
 3.982499987E-02, 5.000000075E-02,-8.47E+00
 3.997499868E-02, 5.000000075E-02,-8.45E+00
 4.012499750E-02, 5.000000075E-02,-8.41E+00
 4.027500004E-02, 5.000000075E-02,-8.37E+00
 4.042499885E-02, 5.000000075E-02,-8.32E+00
 4.057499766E-02, 5.000000075E-02,-8.26E+00
 4.072500020E-02, 5.000000075E-02,-8.19E+00
 4.087499902E-02, 5.000000075E-02,-8.11E+00
 4.102499783E-02, 5.000000075E-02,-8.03E+00
 4.117499664E-02, 5.000000075E-02,-7.93E+00
 4.132499918E-02, 5.000000075E-02,-7.82E+00
 4.147499800E-02, 5.000000075E-02,-7.71E+00
 4.162499681E-02, 5.000000075E-02,-7.58E+00
 4.177499935E-02, 5.000000075E-02,-7.45E+00
 4.192499816E-02, 5.000000075E-02,-7.30E+00
 4.207499698E-02, 5.000000075E-02,-7.15E+00
 4.222499952E-02, 5.000000075E-02,-6.98E+00
 4.237499833E-02, 5.000000075E-02,-6.81E+00
 4.252499714E-02, 5.000000075E-02,-6.63E+00
 4.267499968E-02, 5.000000075E-02,-6.44E+00
 4.282499850E-02, 5.000000075E-02,-6.24E+00
 4.297499731E-02, 5.000000075E-02,-6.03E+00
 6.127499789E-02, 5.000000075E-02,-5.36E+00
 6.142499670E-02, 5.000000075E-02,-5.57E+00
 6.157499924E-02, 5.000000075E-02,-5.79E+00
 6.172499806E-02, 5.000000075E-02,-5.99E+00
 6.187499687E-02, 5.000000075E-02,-6.19E+00
 6.202499941E-02, 5.000000075E-02,-6.39E+00
 6.217499822E-02, 5.000000075E-02,-6.57E+00
 6.232499704E-02, 5.000000075E-02,-6.75E+00
 6.247499958E-02, 5.000000075E-02,-6.92E+00
 6.262499839E-02, 5.000000075E-02,-7.08E+00
 6.277500093E-02, 5.000000075E-02,-7.23E+00
 6.292500347E-02, 5.000000075E-02,-7.37E+00
 6.307499856E-02, 5.000000075E-02,-7.50E+00
 6.322500110E-02, 5.000000075E-02,-7.62E+00
 6.337499619E-02, 5.000000075E-02,-7.73E+00
 6.352499872E-02, 5.000000075E-02,-7.83E+00
 6.367500126E-02, 5.000000075E-02,-7.93E+00
 6.382499635E-02, 5.000000075E-02,-8.01E+00
 6.397499889E-02, 5.000000075E-02,-8.09E+00
 6.412500143E-02, 5.000000075E-02,-8.16E+00
 6.427499652E-02, 5.000000075E-02,-8.22E+00
 6.442499906E-02, 5.000000075E-02,-8.27E+00
 6.457500160E-02, 5.000000075E-02,-8.31E+00
 6.472499669E-02, 5.000000075E-02,-8.35E+00
 6.487499923E-02, 5.000000075E-02,-8.37E+00
 6.502500176E-02, 5.000000075E-02,-8.39E+00
 6.517499685E-02, 5.000000075E-02,-8.41E+00
 6.532499939E-02, 5.000000075E-02,-8.41E+00
 6.547500193E-02, 5.000000075E-02,-8.41E+00
 6.562499702E-02, 5.000000075E-02,-8.39E+00
 6.577499956E-02, 5.000000075E-02,-8.38E+00
 6.592500210E-02, 5.000000075E-02,-8.35E+00
 6.607499719E-02, 5.000000075E-02,-8.31E+00
 6.622499973E-02, 5.000000075E-02,-8.27E+00
 6.637500226E-02, 5.000000075E-02,-8.22E+00
 6.652499735E-02, 5.000000075E-02,-8.16E+00
 6.667499989E-02, 5.000000075E-02,-8.10E+00
 6.682500243E-02, 5.000000075E-02,-8.02E+00
 6.697499752E-02, 5.000000075E-02,-7.94E+00
 6.712500006E-02, 5.000000075E-02,-7.84E+00
 6.727500260E-02, 5.000000075E-02,-7.74E+00
 6.742499769E-02, 5.000000075E-02,-7.63E+00
 6.757500023E-02, 5.000000075E-02,-7.51E+00
 6.772500277E-02, 5.000000075E-02,-7.38E+00
 6.787499785E-02, 5.000000075E-02,-7.24E+00
 6.802500039E-02, 5.000000075E-02,-7.09E+00
 6.817500293E-02, 5.000000075E-02,-6.93E+00
 6.832499802E-02, 5.000000075E-02,-6.77E+00
 6.847500056E-02, 5.000000075E-02,-6.59E+00
 6.862500310E-02, 5.000000075E-02,-6.41E+00
 6.877499819E-02, 5.000000075E-02,-6.22E+00
 6.892500073E-02, 5.000000075E-02,-6.02E+00
 6.907500327E-02, 5.000000075E-02,-5.81E+00
 6.922499835E-02, 5.000000075E-02,-5.60E+00
 6.937500089E-02, 5.000000075E-02,-5.38E+00
 6.952500343E-02, 5.000000075E-02,-5.16E+00
 6.967499852E-02, 5.000000075E-02,-4.94E+00
 6.982500106E-02, 5.000000075E-02,-4.71E+00
 6.997499615E-02, 5.000000075E-02,-4.49E+00
 7.012499869E-02, 5.000000075E-02,-4.27E+00
 7.027500123E-02, 5.000000075E-02,-4.05E+00
 7.042499632E-02, 5.000000075E-02,-3.85E+00
 7.057499886E-02, 5.000000075E-02,-3.65E+00
 7.072500139E-02, 5.000000075E-02,-3.46E+00
 7.087499648E-02, 5.000000075E-02,-3.29E+00
 7.102499902E-02, 5.000000075E-02,-3.13E+00
 7.117500156E-02, 5.000000075E-02,-3.00E+00
 7.132499665E-02, 5.000000075E-02,-2.89E+00
 7.147499919E-02, 5.000000075E-02,-2.80E+00
 7.162500173E-02, 5.000000075E-02,-2.74E+00
 7.177499682E-02, 5.000000075E-02,-2.70E+00
 7.192499936E-02, 5.000000075E-02,-2.70E+00
 7.207500190E-02, 5.000000075E-02,-2.72E+00
 7.222499698E-02, 5.000000075E-02,-2.77E+00
 7.237499952E-02, 5.000000075E-02,-2.84E+00
 7.252500206E-02, 5.000000075E-02,-2.94E+00
 7.267499715E-02, 5.000000075E-02,-3.07E+00
 7.282499969E-02, 5.000000075E-02,-3.21E+00
 7.297500223E-02, 5.000000075E-02,-3.38E+00
 7.312499732E-02, 5.000000075E-02,-3.56E+00
 7.327499986E-02, 5.000000075E-02,-3.75E+00
 7.342500240E-02, 5.000000075E-02,-3.95E+00
 7.357499748E-02, 5.000000075E-02,-4.16E+00
 7.372500002E-02, 5.000000075E-02,-4.38E+00
 7.387500256E-02, 5.000000075E-02,-4.60E+00
 7.402499765E-02, 5.000000075E-02,-4.82E+00
 7.417500019E-02, 5.000000075E-02,-5.04E+00
 7.432500273E-02, 5.000000075E-02,-5.26E+00
 7.447499782E-02, 5.000000075E-02,-5.48E+00
 7.462500036E-02, 5.000000075E-02,-5.69E+00
 7.477500290E-02, 5.000000075E-02,-5.90E+00
 7.492499799E-02, 5.000000075E-02,-6.10E+00
 7.507500052E-02, 5.000000075E-02,-6.29E+00
 1.071750000E-01, 5.000000075E-02,-7.72E+00
 1.073250026E-01, 5.000000075E-02,-7.62E+00
 1.074749976E-01, 5.000000075E-02,-7.51E+00
 1.076250002E-01, 5.000000075E-02,-7.40E+00
 1.077749953E-01, 5.000000075E-02,-7.27E+00
 1.079249978E-01, 5.000000075E-02,-7.14E+00
 1.080750003E-01, 5.000000075E-02,-6.99E+00
 1.082249954E-01, 5.000000075E-02,-6.84E+00
 1.083749980E-01, 5.000000075E-02,-6.68E+00
 1.085250005E-01, 5.000000075E-02,-6.51E+00
 1.086749956E-01, 5.000000075E-02,-6.33E+00
 1.088249981E-01, 5.000000075E-02,-6.15E+00
 1.089750007E-01, 5.000000075E-02,-5.95E+00
 1.091249958E-01, 5.000000075E-02,-5.75E+00
 1.092749983E-01, 5.000000075E-02,-5.54E+00
 1.094250008E-01, 5.000000075E-02,-5.33E+00
 1.095749959E-01, 5.000000075E-02,-5.12E+00
 1.097249985E-01, 5.000000075E-02,-4.90E+00
 1.098750010E-01, 5.000000075E-02,-4.68E+00
 1.100249961E-01, 5.000000075E-02,-4.46E+00
 1.101749986E-01, 5.000000075E-02,-4.24E+00
 1.103250012E-01, 5.000000075E-02,-4.02E+00
 1.104749963E-01, 5.000000075E-02,-3.82E+00
 1.106249988E-01, 5.000000075E-02,-3.62E+00
 1.107750013E-01, 5.000000075E-02,-3.43E+00
 1.109249964E-01, 5.000000075E-02,-3.26E+00
 1.110749990E-01, 5.000000075E-02,-3.11E+00
 1.112250015E-01, 5.000000075E-02,-2.98E+00
 1.113749966E-01, 5.000000075E-02,-2.87E+00
 1.115249991E-01, 5.000000075E-02,-2.78E+00
 1.116750017E-01, 5.000000075E-02,-2.72E+00
 1.118249968E-01, 5.000000075E-02,-2.69E+00
 1.119749993E-01, 5.000000075E-02,-2.68E+00
 1.121250018E-01, 5.000000075E-02,-2.71E+00
 1.122749969E-01, 5.000000075E-02,-2.76E+00
 1.124249995E-01, 5.000000075E-02,-2.84E+00
 1.125750020E-01, 5.000000075E-02,-2.95E+00
 1.127249971E-01, 5.000000075E-02,-3.08E+00
 1.128749996E-01, 5.000000075E-02,-3.23E+00
 1.130250022E-01, 5.000000075E-02,-3.40E+00
 1.131749973E-01, 5.000000075E-02,-3.59E+00
 1.133249998E-01, 5.000000075E-02,-3.80E+00
 1.134750023E-01, 5.000000075E-02,-4.02E+00
 1.136249974E-01, 5.000000075E-02,-4.25E+00
 1.137750000E-01, 5.000000075E-02,-4.48E+00
 1.139249951E-01, 5.000000075E-02,-4.73E+00
 1.140749976E-01, 5.000000075E-02,-4.97E+00
 1.142250001E-01, 5.000000075E-02,-5.22E+00
 1.143749952E-01, 5.000000075E-02,-5.47E+00
 1.145249978E-01, 5.000000075E-02,-5.72E+00
 1.146750003E-01, 5.000000075E-02,-5.97E+00
 1.148249954E-01, 5.000000075E-02,-6.22E+00
 1.149749979E-01, 5.000000075E-02,-6.47E+00
 1.151250005E-01, 5.000000075E-02,-6.72E+00
 1.152749956E-01, 5.000000075E-02,-6.96E+00
 1.154249981E-01, 5.000000075E-02,-7.21E+00
 1.155750006E-01, 5.000000075E-02,-7.45E+00
 1.157249957E-01, 5.000000075E-02,-7.69E+00
 1.158749983E-01, 5.000000075E-02,-7.93E+00
 1.160250008E-01, 5.000000075E-02,-8.18E+00
 1.161749959E-01, 5.000000075E-02,-8.42E+00
 1.163249984E-01, 5.000000075E-02,-8.67E+00
 1.164750010E-01, 5.000000075E-02,-8.92E+00
 1.166249961E-01, 5.000000075E-02,-9.17E+00
 1.167749986E-01, 5.000000075E-02,-9.43E+00
 1.169250011E-01, 5.000000075E-02,-9.71E+00
 1.170749962E-01, 5.000000075E-02,-9.99E+00
 1.172249988E-01, 5.000000075E-02,-1.03E+01
 1.173750013E-01, 5.000000075E-02,-1.06E+01
 1.175249964E-01, 5.000000075E-02,-1.10E+01
 1.176749989E-01, 5.000000075E-02,-1.14E+01
 1.178250015E-01, 5.000000075E-02,-1.18E+01
 1.179749966E-01, 5.000000075E-02,-1.23E+01
 1.181249991E-01, 5.000000075E-02,-1.28E+01
 1.182750016E-01, 5.000000075E-02,-1.34E+01
 1.184249967E-01, 5.000000075E-02,-1.42E+01
 1.185749993E-01, 5.000000075E-02,-1.51E+01
 1.187250018E-01, 5.000000075E-02,-1.63E+01
 1.188749969E-01, 5.000000075E-02,-1.77E+01
 1.190249994E-01, 5.000000075E-02,-1.97E+01
 1.191750020E-01, 5.000000075E-02,-2.24E+01
 1.193249971E-01, 5.000000075E-02,-2.64E+01
 1.194749996E-01, 5.000000075E-02,-3.29E+01
 1.196250021E-01, 5.000000075E-02,-4.46E+01
 1.197749972E-01, 5.000000075E-02,-6.92E+01
 1.199249998E-01, 5.000000075E-02,-1.34E+02
 7.499999629E-05, 5.000000075E-02,-1.34E+02
 2.249999961E-04, 5.000000075E-02,-6.92E+01
 3.750000033E-04, 5.000000075E-02,-4.47E+01
 5.249999813E-04, 5.000000075E-02,-3.30E+01
 6.750000175E-04, 5.000000075E-02,-2.65E+01
 8.249999955E-04, 5.000000075E-02,-2.25E+01
 9.749999736E-04, 5.000000075E-02,-1.97E+01
 1.124999952E-03, 5.000000075E-02,-1.78E+01
 1.274999930E-03, 5.000000075E-02,-1.63E+01
 1.425000024E-03, 5.000000075E-02,-1.52E+01
 1.575000002E-03, 5.000000075E-02,-1.43E+01
 1.724999980E-03, 5.000000075E-02,-1.35E+01
 1.874999958E-03, 5.000000075E-02,-1.29E+01
 2.025000053E-03, 5.000000075E-02,-1.23E+01
 2.175000031E-03, 5.000000075E-02,-1.19E+01
 2.325000009E-03, 5.000000075E-02,-1.14E+01
 2.474999987E-03, 5.000000075E-02,-1.10E+01
 2.624999965E-03, 5.000000075E-02,-1.07E+01
 2.774999943E-03, 5.000000075E-02,-1.04E+01
 2.924999921E-03, 5.000000075E-02,-1.00E+01
 3.074999899E-03, 5.000000075E-02,-9.75E+00
 3.224999877E-03, 5.000000075E-02,-9.46E+00
 3.374999855E-03, 5.000000075E-02,-9.18E+00
 3.524999833E-03, 5.000000075E-02,-8.91E+00
 3.674999811E-03, 5.000000075E-02,-8.64E+00
 3.824999789E-03, 5.000000075E-02,-8.38E+00
 3.975000232E-03, 5.000000075E-02,-8.12E+00
 4.124999978E-03, 5.000000075E-02,-7.85E+00
 4.275000188E-03, 5.000000075E-02,-7.59E+00
 4.424999934E-03, 5.000000075E-02,-7.33E+00
 4.575000145E-03, 5.000000075E-02,-7.07E+00
 4.724999890E-03, 5.000000075E-02,-6.80E+00
 4.875000101E-03, 5.000000075E-02,-6.54E+00
 5.024999846E-03, 5.000000075E-02,-6.27E+00
 5.175000057E-03, 5.000000075E-02,-6.00E+00
 5.324999802E-03, 5.000000075E-02,-5.74E+00
 5.475000013E-03, 5.000000075E-02,-5.47E+00
 5.624999758E-03, 5.000000075E-02,-5.20E+00
 5.774999969E-03, 5.000000075E-02,-4.94E+00
 5.925000180E-03, 5.000000075E-02,-4.68E+00
 6.074999925E-03, 5.000000075E-02,-4.43E+00
 6.225000136E-03, 5.000000075E-02,-4.19E+00
 6.374999881E-03, 5.000000075E-02,-3.96E+00
 6.525000092E-03, 5.000000075E-02,-3.74E+00
 6.674999837E-03, 5.000000075E-02,-3.53E+00
 6.825000048E-03, 5.000000075E-02,-3.35E+00
 6.974999793E-03, 5.000000075E-02,-3.18E+00
 7.125000004E-03, 5.000000075E-02,-3.04E+00
 7.274999749E-03, 5.000000075E-02,-2.93E+00
 7.424999960E-03, 5.000000075E-02,-2.84E+00
 7.574999705E-03, 5.000000075E-02,-2.79E+00
 7.724999916E-03, 5.000000075E-02,-2.76E+00
 7.875000127E-03, 5.000000075E-02,-2.76E+00
 8.024999872E-03, 5.000000075E-02,-2.80E+00
 8.174999617E-03, 5.000000075E-02,-2.86E+00
 8.324999362E-03, 5.000000075E-02,-2.96E+00
 8.475000039E-03, 5.000000075E-02,-3.07E+00
 8.624999784E-03, 5.000000075E-02,-3.22E+00
 8.774999529E-03, 5.000000075E-02,-3.38E+00
 8.924999274E-03, 5.000000075E-02,-3.56E+00
 9.074999951E-03, 5.000000075E-02,-3.76E+00
 9.224999696E-03, 5.000000075E-02,-3.97E+00
 9.374999441E-03, 5.000000075E-02,-4.19E+00
 9.525000118E-03, 5.000000075E-02,-4.41E+00
 9.674999863E-03, 5.000000075E-02,-4.64E+00
 9.824999608E-03, 5.000000075E-02,-4.88E+00
 9.974999353E-03, 5.000000075E-02,-5.11E+00
 1.012500003E-02, 5.000000075E-02,-5.34E+00
 1.027499977E-02, 5.000000075E-02,-5.57E+00
 1.042499952E-02, 5.000000075E-02,-5.80E+00
 1.057499927E-02, 5.000000075E-02,-6.02E+00
 1.072499994E-02, 5.000000075E-02,-6.23E+00
 1.087499969E-02, 5.000000075E-02,-6.43E+00
 1.102499943E-02, 5.000000075E-02,-6.63E+00
 1.117499918E-02, 5.000000075E-02,-6.82E+00
 1.132499985E-02, 5.000000075E-02,-7.00E+00
 1.147499960E-02, 5.000000075E-02,-7.17E+00
 1.162499934E-02, 5.000000075E-02,-7.33E+00
 1.177500002E-02, 5.000000075E-02,-7.48E+00
 1.192499977E-02, 5.000000075E-02,-7.62E+00
 1.207499951E-02, 5.000000075E-02,-7.75E+00
 1.222499926E-02, 5.000000075E-02,-7.87E+00
 1.237499993E-02, 5.000000075E-02,-7.98E+00
 1.252499968E-02, 5.000000075E-02,-8.08E+00
 1.267499942E-02, 5.000000075E-02,-8.17E+00
 1.282499917E-02, 5.000000075E-02,-8.25E+00
 1.297499985E-02, 5.000000075E-02,-8.32E+00
 1.312499959E-02, 5.000000075E-02,-8.38E+00
 1.327499934E-02, 5.000000075E-02,-8.43E+00
 1.342500001E-02, 5.000000075E-02,-8.48E+00
 1.357499976E-02, 5.000000075E-02,-8.51E+00
 1.372499950E-02, 5.000000075E-02,-8.53E+00
 1.387499925E-02, 5.000000075E-02,-8.55E+00
 1.402499992E-02, 5.000000075E-02,-8.56E+00
 1.417499967E-02, 5.000000075E-02,-8.55E+00
 1.432499941E-02, 5.000000075E-02,-8.54E+00
 1.447499916E-02, 5.000000075E-02,-8.52E+00
 1.462499984E-02, 5.000000075E-02,-8.49E+00
 1.477499958E-02, 5.000000075E-02,-8.45E+00
 1.492499933E-02, 5.000000075E-02,-8.40E+00
 1.507499907E-02, 5.000000075E-02,-8.34E+00
 1.522499975E-02, 5.000000075E-02,-8.28E+00
 1.537499949E-02, 5.000000075E-02,-8.20E+00
 1.552499924E-02, 5.000000075E-02,-8.11E+00
 1.567500085E-02, 5.000000075E-02,-8.02E+00
 1.582499966E-02, 5.000000075E-02,-7.91E+00
 1.597500034E-02, 5.000000075E-02,-7.80E+00
 1.612499915E-02, 5.000000075E-02,-7.67E+00
 4.312499985E-02, 5.000000075E-02,-5.82E+00
 4.327499866E-02, 5.000000075E-02,-5.60E+00
 4.342499748E-02, 5.000000075E-02,-5.38E+00
 4.357500002E-02, 5.000000075E-02,-5.15E+00
 4.372499883E-02, 5.000000075E-02,-4.92E+00
 4.387499765E-02, 5.000000075E-02,-4.69E+00
 4.402500018E-02, 5.000000075E-02,-4.47E+00
 4.417499900E-02, 5.000000075E-02,-4.24E+00
 4.432499781E-02, 5.000000075E-02,-4.03E+00
 4.447499663E-02, 5.000000075E-02,-3.82E+00
 4.462499917E-02, 5.000000075E-02,-3.62E+00
 4.477499798E-02, 5.000000075E-02,-3.43E+00
 4.492499679E-02, 5.000000075E-02,-3.26E+00
 4.507499933E-02, 5.000000075E-02,-3.11E+00
 4.522499815E-02, 5.000000075E-02,-2.99E+00
 4.537499696E-02, 5.000000075E-02,-2.88E+00
 4.552499950E-02, 5.000000075E-02,-2.80E+00
 4.567499831E-02, 5.000000075E-02,-2.75E+00
 4.582499713E-02, 5.000000075E-02,-2.73E+00
 4.597499967E-02, 5.000000075E-02,-2.73E+00
 4.612499848E-02, 5.000000075E-02,-2.76E+00
 4.627499729E-02, 5.000000075E-02,-2.83E+00
 4.642499983E-02, 5.000000075E-02,-2.91E+00
 4.657499865E-02, 5.000000075E-02,-3.03E+00
 4.672499746E-02, 5.000000075E-02,-3.16E+00
 4.687500000E-02, 5.000000075E-02,-3.32E+00
 4.702499881E-02, 5.000000075E-02,-3.49E+00
 4.717499763E-02, 5.000000075E-02,-3.68E+00
 4.732500017E-02, 5.000000075E-02,-3.88E+00
 4.747499898E-02, 5.000000075E-02,-4.10E+00
 4.762499779E-02, 5.000000075E-02,-4.31E+00
 4.777499661E-02, 5.000000075E-02,-4.54E+00
 4.792499915E-02, 5.000000075E-02,-4.76E+00
 4.807499796E-02, 5.000000075E-02,-4.99E+00
 4.822499678E-02, 5.000000075E-02,-5.22E+00
 4.837499931E-02, 5.000000075E-02,-5.44E+00
 4.852499813E-02, 5.000000075E-02,-5.66E+00
 4.867499694E-02, 5.000000075E-02,-5.87E+00
 4.882499948E-02, 5.000000075E-02,-6.08E+00
 4.897499830E-02, 5.000000075E-02,-6.28E+00
 4.912499711E-02, 5.000000075E-02,-6.48E+00
 4.927499965E-02, 5.000000075E-02,-6.66E+00
 4.942499846E-02, 5.000000075E-02,-6.84E+00
 4.957499728E-02, 5.000000075E-02,-7.01E+00
 4.972499982E-02, 5.000000075E-02,-7.17E+00
 4.987499863E-02, 5.000000075E-02,-7.32E+00
 5.002499744E-02, 5.000000075E-02,-7.46E+00
 5.017499998E-02, 5.000000075E-02,-7.59E+00
 5.032499880E-02, 5.000000075E-02,-7.71E+00
 5.047499761E-02, 5.000000075E-02,-7.82E+00
 5.062499642E-02, 5.000000075E-02,-7.92E+00
 5.077499896E-02, 5.000000075E-02,-8.01E+00
 5.092499778E-02, 5.000000075E-02,-8.10E+00
 5.107499659E-02, 5.000000075E-02,-8.17E+00
 5.122499913E-02, 5.000000075E-02,-8.24E+00
 5.137499794E-02, 5.000000075E-02,-8.29E+00
 5.152499676E-02, 5.000000075E-02,-8.34E+00
 5.167499930E-02, 5.000000075E-02,-8.38E+00
 5.182499811E-02, 5.000000075E-02,-8.41E+00
 5.197499692E-02, 5.000000075E-02,-8.44E+00
 5.212499946E-02, 5.000000075E-02,-8.45E+00
 5.227499828E-02, 5.000000075E-02,-8.46E+00
 5.242499709E-02, 5.000000075E-02,-8.46E+00
 5.257499963E-02, 5.000000075E-02,-8.45E+00
 5.272499844E-02, 5.000000075E-02,-8.43E+00
 5.287499726E-02, 5.000000075E-02,-8.40E+00
 5.302499980E-02, 5.000000075E-02,-8.37E+00
 5.317499861E-02, 5.000000075E-02,-8.33E+00
 5.332499743E-02, 5.000000075E-02,-8.28E+00
 5.347499996E-02, 5.000000075E-02,-8.22E+00
 5.362499878E-02, 5.000000075E-02,-8.15E+00
 5.377499759E-02, 5.000000075E-02,-8.07E+00
 5.392499641E-02, 5.000000075E-02,-7.98E+00
 5.407499894E-02, 5.000000075E-02,-7.89E+00
 5.422499776E-02, 5.000000075E-02,-7.78E+00
 5.437499657E-02, 5.000000075E-02,-7.67E+00
 5.452499911E-02, 5.000000075E-02,-7.55E+00
 5.467499793E-02, 5.000000075E-02,-7.41E+00
 5.482499674E-02, 5.000000075E-02,-7.27E+00
 5.497499928E-02, 5.000000075E-02,-7.12E+00
 5.512499809E-02, 5.000000075E-02,-6.96E+00
 5.527499691E-02, 5.000000075E-02,-6.79E+00
 5.542499945E-02, 5.000000075E-02,-6.61E+00
 5.557499826E-02, 5.000000075E-02,-6.42E+00
 5.572499707E-02, 5.000000075E-02,-6.23E+00
 5.587499961E-02, 5.000000075E-02,-6.02E+00
 5.602499843E-02, 5.000000075E-02,-5.81E+00
 5.617499724E-02, 5.000000075E-02,-5.60E+00
 5.632499978E-02, 5.000000075E-02,-5.38E+00
 5.647499859E-02, 5.000000075E-02,-5.16E+00
 5.662499741E-02, 5.000000075E-02,-4.93E+00
 5.677499995E-02, 5.000000075E-02,-4.70E+00
 5.692499876E-02, 5.000000075E-02,-4.48E+00
 5.707499757E-02, 5.000000075E-02,-4.26E+00
 5.722499639E-02, 5.000000075E-02,-4.04E+00
 5.737499893E-02, 5.000000075E-02,-3.83E+00
 5.752499774E-02, 5.000000075E-02,-3.63E+00
 5.767499655E-02, 5.000000075E-02,-3.44E+00
 5.782499909E-02, 5.000000075E-02,-3.27E+00
 5.797499791E-02, 5.000000075E-02,-3.12E+00
 5.812499672E-02, 5.000000075E-02,-2.99E+00
 5.827499926E-02, 5.000000075E-02,-2.88E+00
 5.842499807E-02, 5.000000075E-02,-2.80E+00
 5.857499689E-02, 5.000000075E-02,-2.74E+00
 5.872499943E-02, 5.000000075E-02,-2.71E+00
 5.887499824E-02, 5.000000075E-02,-2.71E+00
 5.902499706E-02, 5.000000075E-02,-2.74E+00
 5.917499959E-02, 5.000000075E-02,-2.80E+00
 5.932499841E-02, 5.000000075E-02,-2.88E+00
 5.947499722E-02, 5.000000075E-02,-2.99E+00
 5.962499976E-02, 5.000000075E-02,-3.12E+00
 5.977499858E-02, 5.000000075E-02,-3.27E+00
 5.992499739E-02, 5.000000075E-02,-3.44E+00
 6.007499993E-02, 5.000000075E-02,-3.62E+00
 6.022499874E-02, 5.000000075E-02,-3.82E+00
 6.037499756E-02, 5.000000075E-02,-4.03E+00
 6.052499637E-02, 5.000000075E-02,-4.24E+00
 6.067499891E-02, 5.000000075E-02,-4.46E+00
 6.082499772E-02, 5.000000075E-02,-4.69E+00
 6.097499654E-02, 5.000000075E-02,-4.91E+00
 6.112499908E-02, 5.000000075E-02,-5.13E+00
 7.522500306E-02, 5.000000075E-02,-6.47E+00
 7.537499815E-02, 5.000000075E-02,-6.65E+00
 7.552500069E-02, 5.000000075E-02,-6.82E+00
 7.567500323E-02, 5.000000075E-02,-6.98E+00
 7.582499832E-02, 5.000000075E-02,-7.13E+00
 7.597500086E-02, 5.000000075E-02,-7.27E+00
 7.612499595E-02, 5.000000075E-02,-7.40E+00
 7.627499849E-02, 5.000000075E-02,-7.52E+00
 7.642500103E-02, 5.000000075E-02,-7.64E+00
 7.657499611E-02, 5.000000075E-02,-7.74E+00
 7.672499865E-02, 5.000000075E-02,-7.84E+00
 7.687500119E-02, 5.000000075E-02,-7.92E+00
 7.702499628E-02, 5.000000075E-02,-8.00E+00
 7.717499882E-02, 5.000000075E-02,-8.07E+00
 7.732500136E-02, 5.000000075E-02,-8.14E+00
 7.747499645E-02, 5.000000075E-02,-8.19E+00
 7.762499899E-02, 5.000000075E-02,-8.24E+00
 7.777500153E-02, 5.000000075E-02,-8.27E+00
 7.792499661E-02, 5.000000075E-02,-8.30E+00
 7.807499915E-02, 5.000000075E-02,-8.33E+00
 7.822500169E-02, 5.000000075E-02,-8.34E+00
 7.837499678E-02, 5.000000075E-02,-8.35E+00
 7.852499932E-02, 5.000000075E-02,-8.36E+00
 7.867500186E-02, 5.000000075E-02,-8.35E+00
 7.882499695E-02, 5.000000075E-02,-8.34E+00
 7.897499949E-02, 5.000000075E-02,-8.32E+00
 7.912500203E-02, 5.000000075E-02,-8.29E+00
 7.927499712E-02, 5.000000075E-02,-8.26E+00
 7.942499965E-02, 5.000000075E-02,-8.22E+00
 7.957500219E-02, 5.000000075E-02,-8.17E+00
 7.972499728E-02, 5.000000075E-02,-8.11E+00
 7.987499982E-02, 5.000000075E-02,-8.04E+00
 8.002500236E-02, 5.000000075E-02,-7.97E+00
 8.017499745E-02, 5.000000075E-02,-7.89E+00
 8.032499999E-02, 5.000000075E-02,-7.80E+00
 8.047500253E-02, 5.000000075E-02,-7.70E+00
 8.062499762E-02, 5.000000075E-02,-7.59E+00
 8.077500015E-02, 5.000000075E-02,-7.47E+00
 8.092500269E-02, 5.000000075E-02,-7.35E+00
 8.107499778E-02, 5.000000075E-02,-7.21E+00
 8.122500032E-02, 5.000000075E-02,-7.07E+00
 8.137500286E-02, 5.000000075E-02,-6.91E+00
 8.152499795E-02, 5.000000075E-02,-6.75E+00
 8.167500049E-02, 5.000000075E-02,-6.58E+00
 8.182500303E-02, 5.000000075E-02,-6.40E+00
 8.197499812E-02, 5.000000075E-02,-6.21E+00
 8.212500066E-02, 5.000000075E-02,-6.02E+00
 8.227499574E-02, 5.000000075E-02,-5.82E+00
 8.242499828E-02, 5.000000075E-02,-5.61E+00
 8.257500082E-02, 5.000000075E-02,-5.39E+00
 8.272499591E-02, 5.000000075E-02,-5.18E+00
 8.287499845E-02, 5.000000075E-02,-4.96E+00
 8.302500099E-02, 5.000000075E-02,-4.74E+00
 8.317499608E-02, 5.000000075E-02,-4.51E+00
 8.332499862E-02, 5.000000075E-02,-4.30E+00
 8.347500116E-02, 5.000000075E-02,-4.08E+00
 8.362499624E-02, 5.000000075E-02,-3.87E+00
 8.377499878E-02, 5.000000075E-02,-3.67E+00
 8.392500132E-02, 5.000000075E-02,-3.48E+00
 8.407499641E-02, 5.000000075E-02,-3.31E+00
 8.422499895E-02, 5.000000075E-02,-3.15E+00
 8.437500149E-02, 5.000000075E-02,-3.02E+00
 8.452499658E-02, 5.000000075E-02,-2.90E+00
 8.467499912E-02, 5.000000075E-02,-2.81E+00
 8.482500166E-02, 5.000000075E-02,-2.74E+00
 8.497499675E-02, 5.000000075E-02,-2.70E+00
 8.512499928E-02, 5.000000075E-02,-2.68E+00
 8.527500182E-02, 5.000000075E-02,-2.70E+00
 8.542499691E-02, 5.000000075E-02,-2.74E+00
 8.557499945E-02, 5.000000075E-02,-2.81E+00
 8.572500199E-02, 5.000000075E-02,-2.90E+00
 8.587499708E-02, 5.000000075E-02,-3.02E+00
 8.602499962E-02, 5.000000075E-02,-3.15E+00
 8.617500216E-02, 5.000000075E-02,-3.31E+00
 8.632499725E-02, 5.000000075E-02,-3.49E+00
 8.647499979E-02, 5.000000075E-02,-3.67E+00
 8.662500232E-02, 5.000000075E-02,-3.87E+00
 8.677499741E-02, 5.000000075E-02,-4.08E+00
 8.692499995E-02, 5.000000075E-02,-4.29E+00
 8.707500249E-02, 5.000000075E-02,-4.51E+00
 8.722499758E-02, 5.000000075E-02,-4.73E+00
 8.737500012E-02, 5.000000075E-02,-4.95E+00
 8.752500266E-02, 5.000000075E-02,-5.17E+00
 8.767499775E-02, 5.000000075E-02,-5.38E+00
 8.782500029E-02, 5.000000075E-02,-5.59E+00
 8.797500283E-02, 5.000000075E-02,-5.80E+00
 8.812499791E-02, 5.000000075E-02,-6.00E+00
 8.827500045E-02, 5.000000075E-02,-6.19E+00
 8.842500299E-02, 5.000000075E-02,-6.38E+00
 8.857499808E-02, 5.000000075E-02,-6.55E+00
 8.872500062E-02, 5.000000075E-02,-6.72E+00
 8.887499571E-02, 5.000000075E-02,-6.88E+00
 8.902499825E-02, 5.000000075E-02,-7.03E+00
 8.917500079E-02, 5.000000075E-02,-7.17E+00
 8.932499588E-02, 5.000000075E-02,-7.31E+00
 8.947499841E-02, 5.000000075E-02,-7.43E+00
 8.962500095E-02, 5.000000075E-02,-7.55E+00
 8.977499604E-02, 5.000000075E-02,-7.65E+00
 8.992499858E-02, 5.000000075E-02,-7.75E+00
 9.007500112E-02, 5.000000075E-02,-7.84E+00
 9.022499621E-02, 5.000000075E-02,-7.92E+00
 9.037499875E-02, 5.000000075E-02,-7.99E+00
 9.052500129E-02, 5.000000075E-02,-8.06E+00
 9.067499638E-02, 5.000000075E-02,-8.11E+00
 9.082499892E-02, 5.000000075E-02,-8.16E+00
 9.097500145E-02, 5.000000075E-02,-8.20E+00
 9.112499654E-02, 5.000000075E-02,-8.24E+00
 9.127499908E-02, 5.000000075E-02,-8.27E+00
 9.142500162E-02, 5.000000075E-02,-8.29E+00
 9.157499671E-02, 5.000000075E-02,-8.30E+00
 9.172499925E-02, 5.000000075E-02,-8.31E+00
 9.187500179E-02, 5.000000075E-02,-8.31E+00
 9.202499688E-02, 5.000000075E-02,-8.30E+00
 9.217499942E-02, 5.000000075E-02,-8.29E+00
 9.232500196E-02, 5.000000075E-02,-8.27E+00
 9.247499704E-02, 5.000000075E-02,-8.24E+00
 9.262499958E-02, 5.000000075E-02,-8.20E+00
 9.277500212E-02, 5.000000075E-02,-8.16E+00
 9.292499721E-02, 5.000000075E-02,-8.11E+00
 9.307499975E-02, 5.000000075E-02,-8.06E+00
 9.322500229E-02, 5.000000075E-02,-7.99E+00
 9.337499738E-02, 5.000000075E-02,-7.92E+00
 9.352499992E-02, 5.000000075E-02,-7.84E+00
 9.367500246E-02, 5.000000075E-02,-7.75E+00
 9.382499754E-02, 5.000000075E-02,-7.65E+00
 9.397500008E-02, 5.000000075E-02,-7.55E+00
 9.412500262E-02, 5.000000075E-02,-7.43E+00
 9.427499771E-02, 5.000000075E-02,-7.31E+00
 9.442500025E-02, 5.000000075E-02,-7.18E+00
 9.457500279E-02, 5.000000075E-02,-7.04E+00
 9.472499788E-02, 5.000000075E-02,-6.89E+00
 9.487500042E-02, 5.000000075E-02,-6.73E+00
 9.502499551E-02, 5.000000075E-02,-6.56E+00
 9.517499804E-02, 5.000000075E-02,-6.38E+00
 9.532500058E-02, 5.000000075E-02,-6.20E+00
 9.547499567E-02, 5.000000075E-02,-6.01E+00
 9.562499821E-02, 5.000000075E-02,-5.81E+00
 9.577500075E-02, 5.000000075E-02,-5.60E+00
 9.592499584E-02, 5.000000075E-02,-5.39E+00
 9.607499838E-02, 5.000000075E-02,-5.18E+00
 9.622500092E-02, 5.000000075E-02,-4.96E+00
 9.637499601E-02, 5.000000075E-02,-4.74E+00
 9.652499855E-02, 5.000000075E-02,-4.52E+00
 9.667500108E-02, 5.000000075E-02,-4.30E+00
 9.682499617E-02, 5.000000075E-02,-4.09E+00
 9.697499871E-02, 5.000000075E-02,-3.88E+00
 9.712500125E-02, 5.000000075E-02,-3.68E+00
 9.727499634E-02, 5.000000075E-02,-3.50E+00
 9.742499888E-02, 5.000000075E-02,-3.32E+00
 9.757500142E-02, 5.000000075E-02,-3.16E+00
 9.772499651E-02, 5.000000075E-02,-3.02E+00
 9.787499905E-02, 5.000000075E-02,-2.90E+00
 9.802500159E-02, 5.000000075E-02,-2.81E+00
 9.817499667E-02, 5.000000075E-02,-2.74E+00
 9.832499921E-02, 5.000000075E-02,-2.69E+00
 9.847500175E-02, 5.000000075E-02,-2.67E+00
 9.862499684E-02, 5.000000075E-02,-2.68E+00
 9.877499938E-02, 5.000000075E-02,-2.72E+00
 9.892500192E-02, 5.000000075E-02,-2.78E+00
 9.907499701E-02, 5.000000075E-02,-2.87E+00
 9.922499955E-02, 5.000000075E-02,-2.99E+00
 9.937500209E-02, 5.000000075E-02,-3.12E+00
 9.952499717E-02, 5.000000075E-02,-3.27E+00
 9.967499971E-02, 5.000000075E-02,-3.44E+00
 9.982500225E-02, 5.000000075E-02,-3.63E+00
 9.997499734E-02, 5.000000075E-02,-3.82E+00
 1.001249999E-01, 5.000000075E-02,-4.03E+00
 1.002750024E-01, 5.000000075E-02,-4.24E+00
 1.004249975E-01, 5.000000075E-02,-4.45E+00
 1.005750000E-01, 5.000000075E-02,-4.67E+00
 1.007250026E-01, 5.000000075E-02,-4.89E+00
 1.008749977E-01, 5.000000075E-02,-5.11E+00
 1.010250002E-01, 5.000000075E-02,-5.32E+00
 1.011749953E-01, 5.000000075E-02,-5.53E+00
 1.013249978E-01, 5.000000075E-02,-5.74E+00
 1.014750004E-01, 5.000000075E-02,-5.94E+00
 1.016249955E-01, 5.000000075E-02,-6.13E+00
 1.017749980E-01, 5.000000075E-02,-6.32E+00
 1.019250005E-01, 5.000000075E-02,-6.49E+00
 1.020749956E-01, 5.000000075E-02,-6.66E+00
 1.022249982E-01, 5.000000075E-02,-6.82E+00
 1.023750007E-01, 5.000000075E-02,-6.98E+00
 1.025249958E-01, 5.000000075E-02,-7.12E+00
 1.026749983E-01, 5.000000075E-02,-7.25E+00
 1.028250009E-01, 5.000000075E-02,-7.38E+00
 1.029749960E-01, 5.000000075E-02,-7.49E+00
 1.031249985E-01, 5.000000075E-02,-7.60E+00
 1.032750010E-01, 5.000000075E-02,-7.70E+00
 1.034249961E-01, 5.000000075E-02,-7.79E+00
 1.035749987E-01, 5.000000075E-02,-7.87E+00
 1.037250012E-01, 5.000000075E-02,-7.95E+00
 1.038749963E-01, 5.000000075E-02,-8.01E+00
 1.040249988E-01, 5.000000075E-02,-8.07E+00
 1.041750014E-01, 5.000000075E-02,-8.12E+00
 1.043249965E-01, 5.000000075E-02,-8.17E+00
 1.044749990E-01, 5.000000075E-02,-8.21E+00
 1.046250015E-01, 5.000000075E-02,-8.24E+00
 1.047749966E-01, 5.000000075E-02,-8.26E+00
 1.049249992E-01, 5.000000075E-02,-8.28E+00
 1.050750017E-01, 5.000000075E-02,-8.29E+00
 1.052249968E-01, 5.000000075E-02,-8.29E+00
 1.053749993E-01, 5.000000075E-02,-8.29E+00
 1.055250019E-01, 5.000000075E-02,-8.28E+00
 1.056749970E-01, 5.000000075E-02,-8.26E+00
 1.058249995E-01, 5.000000075E-02,-8.24E+00
 1.059750021E-01, 5.000000075E-02,-8.21E+00
 1.061249971E-01, 5.000000075E-02,-8.18E+00
 1.062749997E-01, 5.000000075E-02,-8.14E+00
 1.064250022E-01, 5.000000075E-02,-8.09E+00
 1.065749973E-01, 5.000000075E-02,-8.03E+00
 1.067249998E-01, 5.000000075E-02,-7.96E+00
 1.068750024E-01, 5.000000075E-02,-7.89E+00
 1.070249975E-01, 5.000000075E-02,-7.81E+00
