x,y,p,tv,av,rv,sv,dswirl-velocity-dy
 8.552830916E-19, 5.000000075E-02,-8.88E-05, 1.166733652E-02, 0.000000000E+00, 0.000000000E+00, 1.166733652E-02,-1.34E+02
 1.499999966E-04, 5.000000000E-02,-5.62E-04, 2.500000009E-02, 0.000000000E+00, 0.000000000E+00, 2.500000009E-02,-1.02E+02
 2.999999933E-04, 5.000000000E-02,-1.03E-03, 2.500000000E-02, 0.000000000E+00, 0.000000000E+00, 2.500000000E-02,-5.69E+01
 4.499999899E-04, 5.000000000E-02,-1.47E-03, 2.500000000E-02, 0.000000000E+00, 0.000000000E+00, 2.500000000E-02,-3.88E+01
 5.999999866E-04, 5.000000000E-02,-1.87E-03, 2.500000000E-02, 0.000000000E+00, 0.000000000E+00, 2.500000000E-02,-2.97E+01
 7.499999832E-04, 5.000000000E-02,-2.26E-03, 2.500000000E-02, 0.000000000E+00, 0.000000000E+00, 2.500000000E-02,-2.45E+01
 8.999999799E-04, 5.000000000E-02,-2.64E-03, 2.500000000E-02, 0.000000000E+00, 0.000000000E+00, 2.500000000E-02,-2.11E+01
 1.049999977E-03, 5.000000000E-02,-3.02E-03, 2.500000000E-02, 0.000000000E+00, 0.000000000E+00, 2.500000000E-02,-1.88E+01
 1.199999973E-03, 5.000000000E-02,-3.38E-03, 2.500000000E-02, 0.000000000E+00, 0.000000000E+00, 2.500000000E-02,-1.71E+01
 1.349999970E-03, 5.000000000E-02,-3.75E-03, 2.500000000E-02, 0.000000000E+00, 0.000000000E+00, 2.500000000E-02,-1.58E+01
 1.499999966E-03, 5.000000000E-02,-4.11E-03, 2.500000000E-02, 0.000000000E+00, 0.000000000E+00, 2.500000000E-02,-1.47E+01
 1.649999963E-03, 5.000000000E-02,-4.47E-03, 2.500000000E-02, 0.000000000E+00, 0.000000000E+00, 2.500000000E-02,-1.39E+01
 1.799999960E-03, 5.000000000E-02,-4.83E-03, 2.500000000E-02, 0.000000000E+00, 0.000000000E+00, 2.500000000E-02,-1.32E+01
 1.949999956E-03, 5.000000000E-02,-5.20E-03, 2.500000000E-02, 0.000000000E+00, 0.000000000E+00, 2.500000000E-02,-1.26E+01
 2.099999953E-03, 5.000000000E-02,-5.57E-03, 2.500000000E-02, 0.000000000E+00, 0.000000000E+00, 2.500000000E-02,-1.21E+01
 2.249999950E-03, 5.000000000E-02,-5.95E-03, 2.500000000E-02, 0.000000000E+00, 0.000000000E+00, 2.500000000E-02,-1.17E+01
 2.399999946E-03, 5.000000000E-02,-6.34E-03, 2.500000000E-02, 0.000000000E+00, 0.000000000E+00, 2.500000000E-02,-1.12E+01
 2.549999943E-03, 5.000000000E-02,-6.73E-03, 2.500000000E-02, 0.000000000E+00, 0.000000000E+00, 2.500000000E-02,-1.09E+01
 2.699999940E-03, 5.000000000E-02,-7.13E-03, 2.500000000E-02, 0.000000000E+00, 0.000000000E+00, 2.500000000E-02,-1.05E+01
 2.849999936E-03, 5.000000000E-02,-7.53E-03, 2.500000000E-02, 0.000000000E+00, 0.000000000E+00, 2.500000000E-02,-1.02E+01
 2.999999933E-03, 5.000000000E-02,-7.94E-03, 2.500000000E-02, 0.000000000E+00, 0.000000000E+00, 2.500000000E-02,-9.90E+00
 3.149999930E-03, 5.000000000E-02,-8.36E-03, 2.500000000E-02, 0.000000000E+00, 0.000000000E+00, 2.500000000E-02,-9.60E+00
 3.299999926E-03, 5.000000000E-02,-8.79E-03, 2.500000000E-02, 0.000000000E+00, 0.000000000E+00, 2.500000000E-02,-9.32E+00
 3.449999923E-03, 5.000000000E-02,-9.22E-03, 2.500000000E-02, 0.000000000E+00, 0.000000000E+00, 2.500000000E-02,-9.05E+00
 3.599999920E-03, 5.000000000E-02,-9.66E-03, 2.500000000E-02, 0.000000000E+00, 0.000000000E+00, 2.500000000E-02,-8.78E+00
 3.749999916E-03, 5.000000000E-02,-1.01E-02, 2.500000000E-02, 0.000000000E+00, 0.000000000E+00, 2.500000000E-02,-8.51E+00
 3.899999913E-03, 5.000000000E-02,-1.05E-02, 2.500000000E-02, 0.000000000E+00, 0.000000000E+00, 2.500000000E-02,-8.25E+00
 4.049999909E-03, 5.000000000E-02,-1.10E-02, 2.500000000E-02, 0.000000000E+00, 0.000000000E+00, 2.500000000E-02,-7.99E+00
 4.199999906E-03, 5.000000000E-02,-1.14E-02, 2.500000000E-02, 0.000000000E+00, 0.000000000E+00, 2.500000000E-02,-7.72E+00
 4.349999903E-03, 5.000000000E-02,-1.19E-02, 2.500000000E-02, 0.000000000E+00, 0.000000000E+00, 2.500000000E-02,-7.46E+00
 4.499999899E-03, 5.000000000E-02,-1.24E-02, 2.500000000E-02, 0.000000000E+00, 0.000000000E+00, 2.500000000E-02,-7.20E+00
 4.649999896E-03, 5.000000000E-02,-1.28E-02, 2.500000000E-02, 0.000000000E+00, 0.000000000E+00, 2.500000000E-02,-6.94E+00
 4.799999893E-03, 5.000000000E-02,-1.32E-02, 2.500000000E-02, 0.000000000E+00, 0.000000000E+00, 2.500000000E-02,-6.67E+00
 4.949999889E-03, 5.000000000E-02,-1.37E-02, 2.500000000E-02, 0.000000000E+00, 0.000000000E+00, 2.500000000E-02,-6.41E+00
 5.099999886E-03, 5.000000000E-02,-1.41E-02, 2.500000000E-02, 0.000000000E+00, 0.000000000E+00, 2.500000000E-02,-6.14E+00
 5.249999883E-03, 5.000000000E-02,-1.45E-02, 2.500000000E-02, 0.000000000E+00, 0.000000000E+00, 2.500000000E-02,-5.87E+00
 5.399999879E-03, 5.000000000E-02,-1.50E-02, 2.500000000E-02, 0.000000000E+00, 0.000000000E+00, 2.500000000E-02,-5.60E+00
 5.549999876E-03, 5.000000000E-02,-1.54E-02, 2.500000000E-02, 0.000000000E+00, 0.000000000E+00, 2.500000000E-02,-5.34E+00
 5.699999873E-03, 5.000000000E-02,-1.58E-02, 2.500000000E-02, 0.000000000E+00, 0.000000000E+00, 2.500000000E-02,-5.07E+00
 5.849999869E-03, 5.000000000E-02,-1.61E-02, 2.500000000E-02, 0.000000000E+00, 0.000000000E+00, 2.500000000E-02,-4.81E+00
 5.999999866E-03, 5.000000000E-02,-1.65E-02, 2.500000000E-02, 0.000000000E+00, 0.000000000E+00, 2.500000000E-02,-4.56E+00
 6.149999863E-03, 5.000000000E-02,-1.68E-02, 2.500000000E-02, 0.000000000E+00, 0.000000000E+00, 2.500000000E-02,-4.31E+00
 6.299999859E-03, 5.000000000E-02,-1.71E-02, 2.500000000E-02, 0.000000000E+00, 0.000000000E+00, 2.500000000E-02,-4.07E+00
 6.449999856E-03, 5.000000000E-02,-1.74E-02, 2.500000000E-02, 0.000000000E+00, 0.000000000E+00, 2.500000000E-02,-3.85E+00
 6.599999852E-03, 5.000000000E-02,-1.77E-02, 2.500000000E-02, 0.000000000E+00, 0.000000000E+00, 2.500000000E-02,-3.64E+00
 6.749999849E-03, 5.000000000E-02,-1.79E-02, 2.500000000E-02, 0.000000000E+00, 0.000000000E+00, 2.500000000E-02,-3.44E+00
 6.899999846E-03, 5.000000000E-02,-1.81E-02, 2.500000000E-02, 0.000000000E+00, 0.000000000E+00, 2.500000000E-02,-3.27E+00
 7.049999842E-03, 5.000000000E-02,-1.83E-02, 2.500000000E-02, 0.000000000E+00, 0.000000000E+00, 2.500000000E-02,-3.11E+00
 7.199999839E-03, 5.000000000E-02,-1.85E-02, 2.500000000E-02, 0.000000000E+00, 0.000000000E+00, 2.500000000E-02,-2.99E+00
 7.349999836E-03, 5.000000000E-02,-1.86E-02, 2.500000000E-02, 0.000000000E+00, 0.000000000E+00, 2.500000000E-02,-2.89E+00
 7.499999832E-03, 5.000000000E-02,-1.86E-02, 2.500000000E-02, 0.000000000E+00, 0.000000000E+00, 2.500000000E-02,-2.82E+00
 7.649999829E-03, 5.000000000E-02,-1.87E-02, 2.500000000E-02, 0.000000000E+00, 0.000000000E+00, 2.500000000E-02,-2.77E+00
 7.799999826E-03, 5.000000000E-02,-1.87E-02, 2.500000000E-02, 0.000000000E+00, 0.000000000E+00, 2.500000000E-02,-2.76E+00
 7.949999822E-03, 5.000000000E-02,-1.87E-02, 2.500000000E-02, 0.000000000E+00, 0.000000000E+00, 2.500000000E-02,-2.78E+00
 8.099999819E-03, 5.000000000E-02,-1.86E-02, 2.500000000E-02, 0.000000000E+00, 0.000000000E+00, 2.500000000E-02,-2.83E+00
 8.249999816E-03, 5.000000000E-02,-1.85E-02, 2.500000000E-02, 0.000000000E+00, 0.000000000E+00, 2.500000000E-02,-2.91E+00
 8.399999812E-03, 5.000000000E-02,-1.84E-02, 2.500000000E-02, 0.000000000E+00, 0.000000000E+00, 2.500000000E-02,-3.01E+00
 8.549999809E-03, 5.000000000E-02,-1.82E-02, 2.500000000E-02, 0.000000000E+00, 0.000000000E+00, 2.500000000E-02,-3.14E+00
 8.699999806E-03, 5.000000000E-02,-1.80E-02, 2.500000000E-02, 0.000000000E+00, 0.000000000E+00, 2.500000000E-02,-3.30E+00
 8.849999802E-03, 5.000000000E-02,-1.78E-02, 2.500000000E-02, 0.000000000E+00, 0.000000000E+00, 2.500000000E-02,-3.47E+00
 8.999999799E-03, 5.000000000E-02,-1.75E-02, 2.500000000E-02, 0.000000000E+00, 0.000000000E+00, 2.500000000E-02,-3.66E+00
 9.149999795E-03, 5.000000000E-02,-1.73E-02, 2.500000000E-02, 0.000000000E+00, 0.000000000E+00, 2.500000000E-02,-3.86E+00
 9.299999792E-03, 5.000000000E-02,-1.70E-02, 2.500000000E-02, 0.000000000E+00, 0.000000000E+00, 2.500000000E-02,-4.08E+00
 9.449999789E-03, 5.000000000E-02,-1.66E-02, 2.500000000E-02, 0.000000000E+00, 0.000000000E+00, 2.500000000E-02,-4.30E+00
 9.599999785E-03, 5.000000000E-02,-1.63E-02, 2.500000000E-02, 0.000000000E+00, 0.000000000E+00, 2.500000000E-02,-4.53E+00
 9.749999782E-03, 5.000000000E-02,-1.59E-02, 2.500000000E-02, 0.000000000E+00, 0.000000000E+00, 2.500000000E-02,-4.76E+00
 9.899999779E-03, 5.000000000E-02,-1.56E-02, 2.500000000E-02, 0.000000000E+00, 0.000000000E+00, 2.500000000E-02,-4.99E+00
 1.004999978E-02, 5.000000000E-02,-1.52E-02, 2.500000000E-02, 0.000000000E+00, 0.000000000E+00, 2.500000000E-02,-5.23E+00
 1.019999977E-02, 5.000000000E-02,-1.48E-02, 2.500000000E-02, 0.000000000E+00, 0.000000000E+00, 2.500000000E-02,-5.46E+00
 1.034999977E-02, 5.000000000E-02,-1.44E-02, 2.500000000E-02, 0.000000000E+00, 0.000000000E+00, 2.500000000E-02,-5.68E+00
 1.049999977E-02, 5.000000000E-02,-1.40E-02, 2.500000000E-02, 0.000000000E+00, 0.000000000E+00, 2.500000000E-02,-5.91E+00
 1.064999976E-02, 5.000000000E-02,-1.36E-02, 2.500000000E-02, 0.000000000E+00, 0.000000000E+00, 2.500000000E-02,-6.12E+00
 1.079999976E-02, 5.000000000E-02,-1.32E-02, 2.500000000E-02, 0.000000000E+00, 0.000000000E+00, 2.500000000E-02,-6.33E+00
 1.094999976E-02, 5.000000000E-02,-1.28E-02, 2.500000000E-02, 0.000000000E+00, 0.000000000E+00, 2.500000000E-02,-6.53E+00
 1.109999975E-02, 5.000000000E-02,-1.24E-02, 2.500000000E-02, 0.000000000E+00, 0.000000000E+00, 2.500000000E-02,-6.72E+00
 1.124999975E-02, 5.000000000E-02,-1.20E-02, 2.500000000E-02, 0.000000000E+00, 0.000000000E+00, 2.500000000E-02,-6.91E+00
 1.139999975E-02, 5.000000000E-02,-1.16E-02, 2.500000000E-02, 0.000000000E+00, 0.000000000E+00, 2.500000000E-02,-7.08E+00
 1.154999974E-02, 5.000000000E-02,-1.12E-02, 2.500000000E-02, 0.000000000E+00, 0.000000000E+00, 2.500000000E-02,-7.25E+00
 1.169999974E-02, 5.000000000E-02,-1.09E-02, 2.500000000E-02, 0.000000000E+00, 0.000000000E+00, 2.500000000E-02,-7.40E+00
 1.184999974E-02, 5.000000000E-02,-1.06E-02, 2.500000000E-02, 0.000000000E+00, 0.000000000E+00, 2.500000000E-02,-7.55E+00
 1.199999973E-02, 5.000000000E-02,-1.02E-02, 2.500000000E-02, 0.000000000E+00, 0.000000000E+00, 2.500000000E-02,-7.68E+00
 1.214999973E-02, 5.000000000E-02,-9.94E-03, 2.500000000E-02, 0.000000000E+00, 0.000000000E+00, 2.500000000E-02,-7.81E+00
 1.229999973E-02, 5.000000000E-02,-9.65E-03, 2.500000000E-02, 0.000000000E+00, 0.000000000E+00, 2.500000000E-02,-7.92E+00
 1.244999972E-02, 5.000000000E-02,-9.39E-03, 2.500000000E-02, 0.000000000E+00, 0.000000000E+00, 2.500000000E-02,-8.03E+00
 1.259999972E-02, 5.000000000E-02,-9.15E-03, 2.500000000E-02, 0.000000000E+00, 0.000000000E+00, 2.500000000E-02,-8.12E+00
 1.274999972E-02, 5.000000000E-02,-8.93E-03, 2.500000000E-02, 0.000000000E+00, 0.000000000E+00, 2.500000000E-02,-8.21E+00
 1.289999971E-02, 5.000000000E-02,-8.73E-03, 2.500000000E-02, 0.000000000E+00, 0.000000000E+00, 2.500000000E-02,-8.29E+00
 1.304999971E-02, 5.000000000E-02,-8.56E-03, 2.500000000E-02, 0.000000000E+00, 0.000000000E+00, 2.500000000E-02,-8.35E+00
 1.319999970E-02, 5.000000000E-02,-8.41E-03, 2.500000000E-02, 0.000000000E+00, 0.000000000E+00, 2.500000000E-02,-8.41E+00
 1.334999970E-02, 5.000000000E-02,-8.28E-03, 2.500000000E-02, 0.000000000E+00, 0.000000000E+00, 2.500000000E-02,-8.46E+00
 1.349999970E-02, 5.000000000E-02,-8.18E-03, 2.500000000E-02, 0.000000000E+00, 0.000000000E+00, 2.500000000E-02,-8.49E+00
 1.364999969E-02, 5.000000000E-02,-8.10E-03, 2.500000000E-02, 0.000000000E+00, 0.000000000E+00, 2.500000000E-02,-8.52E+00
 1.379999969E-02, 5.000000000E-02,-8.04E-03, 2.500000000E-02, 0.000000000E+00, 0.000000000E+00, 2.500000000E-02,-8.54E+00
 1.394999969E-02, 5.000000000E-02,-8.01E-03, 2.500000000E-02, 0.000000000E+00, 0.000000000E+00, 2.500000000E-02,-8.55E+00
 1.409999968E-02, 5.000000000E-02,-8.01E-03, 2.500000000E-02, 0.000000000E+00, 0.000000000E+00, 2.500000000E-02,-8.55E+00
 1.424999968E-02, 5.000000000E-02,-8.03E-03, 2.500000000E-02, 0.000000000E+00, 0.000000000E+00, 2.500000000E-02,-8.55E+00
 1.439999968E-02, 5.000000000E-02,-8.07E-03, 2.500000000E-02, 0.000000000E+00, 0.000000000E+00, 2.500000000E-02,-8.53E+00
 1.454999967E-02, 5.000000000E-02,-8.14E-03, 2.500000000E-02, 0.000000000E+00, 0.000000000E+00, 2.500000000E-02,-8.50E+00
 1.469999967E-02, 5.000000000E-02,-8.23E-03, 2.500000000E-02, 0.000000000E+00, 0.000000000E+00, 2.500000000E-02,-8.47E+00
 1.484999967E-02, 5.000000000E-02,-8.34E-03, 2.500000000E-02, 0.000000000E+00, 0.000000000E+00, 2.500000000E-02,-8.43E+00
 1.499999966E-02, 5.000000000E-02,-8.48E-03, 2.500000000E-02, 0.000000000E+00, 0.000000000E+00, 2.500000000E-02,-8.37E+00
 1.514999966E-02, 5.000000000E-02,-8.65E-03, 2.500000000E-02, 0.000000000E+00, 0.000000000E+00, 2.500000000E-02,-8.31E+00
 1.529999966E-02, 5.000000000E-02,-8.83E-03, 2.500000000E-02, 0.000000000E+00, 0.000000000E+00, 2.500000000E-02,-8.24E+00
 1.544999965E-02, 5.000000000E-02,-9.04E-03, 2.500000000E-02, 0.000000000E+00, 0.000000000E+00, 2.500000000E-02,-8.16E+00
 1.559999965E-02, 5.000000000E-02,-9.27E-03, 2.500000000E-02, 0.000000000E+00, 0.000000000E+00, 2.500000000E-02,-8.07E+00
 1.574999965E-02, 5.000000000E-02,-9.52E-03, 2.500000000E-02, 0.000000000E+00, 0.000000000E+00, 2.500000000E-02,-7.97E+00
 1.589999964E-02, 5.000000000E-02,-9.79E-03, 2.500000000E-02, 0.000000000E+00, 0.000000000E+00, 2.500000000E-02,-7.85E+00
 1.604999964E-02, 5.000000000E-02,-1.01E-02, 2.500000000E-02, 0.000000000E+00, 0.000000000E+00, 2.500000000E-02,-7.73E+00
 1.619999964E-02, 5.000000000E-02,-1.04E-02, 2.500000000E-02, 0.000000000E+00, 0.000000000E+00, 2.500000000E-02,-7.60E+00
 1.634999963E-02, 5.000000000E-02,-1.07E-02, 2.500000000E-02, 0.000000000E+00, 0.000000000E+00, 2.500000000E-02,-7.46E+00
 1.649999963E-02, 5.000000000E-02,-1.11E-02, 2.500000000E-02, 0.000000000E+00, 0.000000000E+00, 2.500000000E-02,-7.31E+00
 1.664999963E-02, 5.000000000E-02,-1.14E-02, 2.500000000E-02, 0.000000000E+00, 0.000000000E+00, 2.500000000E-02,-7.15E+00
 1.679999962E-02, 5.000000000E-02,-1.18E-02, 2.500000000E-02, 0.000000000E+00, 0.000000000E+00, 2.500000000E-02,-6.98E+00
 1.694999962E-02, 5.000000000E-02,-1.22E-02, 2.500000000E-02, 0.000000000E+00, 0.000000000E+00, 2.500000000E-02,-6.80E+00
 1.709999962E-02, 5.000000000E-02,-1.26E-02, 2.500000000E-02, 0.000000000E+00, 0.000000000E+00, 2.500000000E-02,-6.62E+00
 1.724999961E-02, 5.000000000E-02,-1.30E-02, 2.500000000E-02, 0.000000000E+00, 0.000000000E+00, 2.500000000E-02,-6.42E+00
 1.739999961E-02, 5.000000000E-02,-1.33E-02, 2.500000000E-02, 0.000000000E+00, 0.000000000E+00, 2.500000000E-02,-6.22E+00
 1.754999961E-02, 5.000000000E-02,-1.38E-02, 2.500000000E-02, 0.000000000E+00, 0.000000000E+00, 2.500000000E-02,-6.01E+00
 1.769999960E-02, 5.000000000E-02,-1.42E-02, 2.500000000E-02, 0.000000000E+00, 0.000000000E+00, 2.500000000E-02,-5.79E+00
 1.784999960E-02, 5.000000000E-02,-1.46E-02, 2.500000000E-02, 0.000000000E+00, 0.000000000E+00, 2.500000000E-02,-5.57E+00
 1.799999960E-02, 5.000000000E-02,-1.49E-02, 2.500000000E-02, 0.000000000E+00, 0.000000000E+00, 2.500000000E-02,-5.34E+00
 1.814999959E-02, 5.000000000E-02,-1.53E-02, 2.500000000E-02, 0.000000000E+00, 0.000000000E+00, 2.500000000E-02,-5.11E+00
 1.829999959E-02, 5.000000000E-02,-1.57E-02, 2.500000000E-02, 0.000000000E+00, 0.000000000E+00, 2.500000000E-02,-4.88E+00
 1.844999959E-02, 5.000000000E-02,-1.61E-02, 2.500000000E-02, 0.000000000E+00, 0.000000000E+00, 2.500000000E-02,-4.65E+00
 1.859999958E-02, 5.000000000E-02,-1.64E-02, 2.500000000E-02, 0.000000000E+00, 0.000000000E+00, 2.500000000E-02,-4.42E+00
 1.874999958E-02, 5.000000000E-02,-1.68E-02, 2.500000000E-02, 0.000000000E+00, 0.000000000E+00, 2.500000000E-02,-4.19E+00
 1.889999958E-02, 5.000000000E-02,-1.71E-02, 2.500000000E-02, 0.000000000E+00, 0.000000000E+00, 2.500000000E-02,-3.98E+00
 1.904999957E-02, 5.000000000E-02,-1.74E-02, 2.500000000E-02, 0.000000000E+00, 0.000000000E+00, 2.500000000E-02,-3.77E+00
 1.919999957E-02, 5.000000000E-02,-1.76E-02, 2.500000000E-02, 0.000000000E+00, 0.000000000E+00, 2.500000000E-02,-3.57E+00
 1.934999957E-02, 5.000000000E-02,-1.79E-02, 2.500000000E-02, 0.000000000E+00, 0.000000000E+00, 2.500000000E-02,-3.39E+00
 1.949999956E-02, 5.000000000E-02,-1.81E-02, 2.500000000E-02, 0.000000000E+00, 0.000000000E+00, 2.500000000E-02,-3.23E+00
 1.964999956E-02, 5.000000000E-02,-1.83E-02, 2.500000000E-02, 0.000000000E+00, 0.000000000E+00, 2.500000000E-02,-3.09E+00
 1.979999956E-02, 5.000000000E-02,-1.84E-02, 2.500000000E-02, 0.000000000E+00, 0.000000000E+00, 2.500000000E-02,-2.97E+00
 1.994999955E-02, 5.000000000E-02,-1.85E-02, 2.500000000E-02, 0.000000000E+00, 0.000000000E+00, 2.500000000E-02,-2.87E+00
 2.009999955E-02, 5.000000000E-02,-1.86E-02, 2.500000000E-02, 0.000000000E+00, 0.000000000E+00, 2.500000000E-02,-2.80E+00
 2.024999955E-02, 5.000000000E-02,-1.87E-02, 2.500000000E-02, 0.000000000E+00, 0.000000000E+00, 2.500000000E-02,-2.76E+00
 2.039999954E-02, 5.000000000E-02,-1.87E-02, 2.500000000E-02, 0.000000000E+00, 0.000000000E+00, 2.500000000E-02,-2.75E+00
 2.054999954E-02, 5.000000000E-02,-1.86E-02, 2.500000000E-02, 0.000000000E+00, 0.000000000E+00, 2.500000000E-02,-2.76E+00
 2.069999954E-02, 5.000000000E-02,-1.86E-02, 2.500000000E-02, 0.000000000E+00, 0.000000000E+00, 2.500000000E-02,-2.81E+00
 2.084999953E-02, 5.000000000E-02,-1.85E-02, 2.500000000E-02, 0.000000000E+00, 0.000000000E+00, 2.500000000E-02,-2.88E+00
 2.099999953E-02, 5.000000000E-02,-1.84E-02, 2.500000000E-02, 0.000000000E+00, 0.000000000E+00, 2.500000000E-02,-2.98E+00
 2.114999953E-02, 5.000000000E-02,-1.82E-02, 2.500000000E-02, 0.000000000E+00, 0.000000000E+00, 2.500000000E-02,-3.11E+00
 2.129999952E-02, 5.000000000E-02,-1.80E-02, 2.500000000E-02, 0.000000000E+00, 0.000000000E+00, 2.500000000E-02,-3.25E+00
 2.144999952E-02, 5.000000000E-02,-1.78E-02, 2.500000000E-02, 0.000000000E+00, 0.000000000E+00, 2.500000000E-02,-3.42E+00
 2.159999952E-02, 5.000000000E-02,-1.76E-02, 2.500000000E-02, 0.000000000E+00, 0.000000000E+00, 2.500000000E-02,-3.60E+00
 2.174999951E-02, 5.000000000E-02,-1.73E-02, 2.500000000E-02, 0.000000000E+00, 0.000000000E+00, 2.500000000E-02,-3.80E+00
 2.189999951E-02, 5.000000000E-02,-1.70E-02, 2.500000000E-02, 0.000000000E+00, 0.000000000E+00, 2.500000000E-02,-4.01E+00
 2.204999951E-02, 5.000000000E-02,-1.67E-02, 2.500000000E-02, 0.000000000E+00, 0.000000000E+00, 2.500000000E-02,-4.23E+00
 2.219999950E-02, 5.000000000E-02,-1.64E-02, 2.500000000E-02, 0.000000000E+00, 0.000000000E+00, 2.500000000E-02,-4.45E+00
 2.234999950E-02, 5.000000000E-02,-1.60E-02, 2.500000000E-02, 0.000000000E+00, 0.000000000E+00, 2.500000000E-02,-4.68E+00
 2.249999950E-02, 5.000000000E-02,-1.56E-02, 2.500000000E-02, 0.000000000E+00, 0.000000000E+00, 2.500000000E-02,-4.91E+00
 2.264999949E-02, 5.000000000E-02,-1.53E-02, 2.500000000E-02, 0.000000000E+00, 0.000000000E+00, 2.500000000E-02,-5.14E+00
 2.279999949E-02, 5.000000000E-02,-1.49E-02, 2.500000000E-02, 0.000000000E+00, 0.000000000E+00, 2.500000000E-02,-5.37E+00
 2.294999949E-02, 5.000000000E-02,-1.45E-02, 2.500000000E-02, 0.000000000E+00, 0.000000000E+00, 2.500000000E-02,-5.60E+00
 2.309999948E-02, 5.000000000E-02,-1.41E-02, 2.500000000E-02, 0.000000000E+00, 0.000000000E+00, 2.500000000E-02,-5.82E+00
 2.324999948E-02, 5.000000000E-02,-1.37E-02, 2.500000000E-02, 0.000000000E+00, 0.000000000E+00, 2.500000000E-02,-6.03E+00
 2.339999948E-02, 5.000000000E-02,-1.33E-02, 2.500000000E-02, 0.000000000E+00, 0.000000000E+00, 2.500000000E-02,-6.24E+00
 2.354999947E-02, 5.000000000E-02,-1.29E-02, 2.500000000E-02, 0.000000000E+00, 0.000000000E+00, 2.500000000E-02,-6.44E+00
 2.369999947E-02, 5.000000000E-02,-1.25E-02, 2.500000000E-02, 0.000000000E+00, 0.000000000E+00, 2.500000000E-02,-6.64E+00
 2.384999947E-02, 5.000000000E-02,-1.21E-02, 2.500000000E-02, 0.000000000E+00, 0.000000000E+00, 2.500000000E-02,-6.82E+00
 2.399999946E-02, 5.000000000E-02,-1.17E-02, 2.500000000E-02, 0.000000000E+00, 0.000000000E+00, 2.500000000E-02,-7.00E+00
 2.414999946E-02, 5.000000000E-02,-1.14E-02, 2.500000000E-02, 0.000000000E+00, 0.000000000E+00, 2.500000000E-02,-7.16E+00
 2.429999946E-02, 5.000000000E-02,-1.10E-02, 2.500000000E-02, 0.000000000E+00, 0.000000000E+00, 2.500000000E-02,-7.32E+00
 2.444999945E-02, 5.000000000E-02,-1.07E-02, 2.500000000E-02, 0.000000000E+00, 0.000000000E+00, 2.500000000E-02,-7.47E+00
 2.459999945E-02, 5.000000000E-02,-1.04E-02, 2.500000000E-02, 0.000000000E+00, 0.000000000E+00, 2.500000000E-02,-7.60E+00
 2.474999945E-02, 5.000000000E-02,-1.01E-02, 2.500000000E-02, 0.000000000E+00, 0.000000000E+00, 2.500000000E-02,-7.73E+00
 2.489999944E-02, 5.000000000E-02,-9.77E-03, 2.500000000E-02, 0.000000000E+00, 0.000000000E+00, 2.500000000E-02,-7.85E+00
 2.504999944E-02, 5.000000000E-02,-9.51E-03, 2.500000000E-02, 0.000000000E+00, 0.000000000E+00, 2.500000000E-02,-7.96E+00
 2.519999944E-02, 5.000000000E-02,-9.26E-03, 2.500000000E-02, 0.000000000E+00, 0.000000000E+00, 2.500000000E-02,-8.06E+00
 2.534999943E-02, 5.000000000E-02,-9.04E-03, 2.500000000E-02, 0.000000000E+00, 0.000000000E+00, 2.500000000E-02,-8.14E+00
 2.549999943E-02, 5.000000000E-02,-8.83E-03, 2.500000000E-02, 0.000000000E+00, 0.000000000E+00, 2.500000000E-02,-8.22E+00
 2.564999943E-02, 5.000000000E-02,-8.65E-03, 2.500000000E-02, 0.000000000E+00, 0.000000000E+00, 2.500000000E-02,-8.29E+00
 2.579999942E-02, 5.000000000E-02,-8.49E-03, 2.500000000E-02, 0.000000000E+00, 0.000000000E+00, 2.500000000E-02,-8.35E+00
 2.594999942E-02, 5.000000000E-02,-8.36E-03, 2.500000000E-02, 0.000000000E+00, 0.000000000E+00, 2.500000000E-02,-8.40E+00
 2.609999942E-02, 5.000000000E-02,-8.25E-03, 2.500000000E-02, 0.000000000E+00, 0.000000000E+00, 2.500000000E-02,-8.44E+00
 2.624999941E-02, 5.000000000E-02,-8.16E-03, 2.500000000E-02, 0.000000000E+00, 0.000000000E+00, 2.500000000E-02,-8.48E+00
 2.639999941E-02, 5.000000000E-02,-8.09E-03, 2.500000000E-02, 0.000000000E+00, 0.000000000E+00, 2.500000000E-02,-8.50E+00
 2.654999941E-02, 5.000000000E-02,-8.05E-03, 2.500000000E-02, 0.000000000E+00, 0.000000000E+00, 2.500000000E-02,-8.52E+00
 2.669999940E-02, 5.000000000E-02,-8.04E-03, 2.500000000E-02, 0.000000000E+00, 0.000000000E+00, 2.500000000E-02,-8.52E+00
 2.684999940E-02, 5.000000000E-02,-8.05E-03, 2.500000000E-02, 0.000000000E+00, 0.000000000E+00, 2.500000000E-02,-8.52E+00
 2.699999940E-02, 5.000000000E-02,-8.08E-03, 2.500000000E-02, 0.000000000E+00, 0.000000000E+00, 2.500000000E-02,-8.51E+00
 2.714999939E-02, 5.000000000E-02,-8.13E-03, 2.500000000E-02, 0.000000000E+00, 0.000000000E+00, 2.500000000E-02,-8.49E+00
 2.729999939E-02, 5.000000000E-02,-8.21E-03, 2.500000000E-02, 0.000000000E+00, 0.000000000E+00, 2.500000000E-02,-8.46E+00
 2.744999939E-02, 5.000000000E-02,-8.32E-03, 2.500000000E-02, 0.000000000E+00, 0.000000000E+00, 2.500000000E-02,-8.42E+00
 2.759999938E-02, 5.000000000E-02,-8.44E-03, 2.500000000E-02, 0.000000000E+00, 0.000000000E+00, 2.500000000E-02,-8.37E+00
 2.774999938E-02, 5.000000000E-02,-8.59E-03, 2.500000000E-02, 0.000000000E+00, 0.000000000E+00, 2.500000000E-02,-8.31E+00
 2.789999938E-02, 5.000000000E-02,-8.77E-03, 2.500000000E-02, 0.000000000E+00, 0.000000000E+00, 2.500000000E-02,-8.25E+00
 2.804999937E-02, 5.000000000E-02,-8.96E-03, 2.500000000E-02, 0.000000000E+00, 0.000000000E+00, 2.500000000E-02,-8.17E+00
 2.819999937E-02, 5.000000000E-02,-9.18E-03, 2.500000000E-02, 0.000000000E+00, 0.000000000E+00, 2.500000000E-02,-8.09E+00
 2.834999937E-02, 5.000000000E-02,-9.42E-03, 2.500000000E-02, 0.000000000E+00, 0.000000000E+00, 2.500000000E-02,-7.99E+00
 2.849999936E-02, 5.000000000E-02,-9.68E-03, 2.500000000E-02, 0.000000000E+00, 0.000000000E+00, 2.500000000E-02,-7.89E+00
 2.864999936E-02, 5.000000000E-02,-9.96E-03, 2.500000000E-02, 0.000000000E+00, 0.000000000E+00, 2.500000000E-02,-7.77E+00
 2.879999936E-02, 5.000000000E-02,-1.03E-02, 2.500000000E-02, 0.000000000E+00, 0.000000000E+00, 2.500000000E-02,-7.65E+00
 2.894999935E-02, 5.000000000E-02,-1.06E-02, 2.500000000E-02, 0.000000000E+00, 0.000000000E+00, 2.500000000E-02,-7.52E+00
 2.909999935E-02, 5.000000000E-02,-1.09E-02, 2.500000000E-02, 0.000000000E+00, 0.000000000E+00, 2.500000000E-02,-7.37E+00
 2.924999935E-02, 5.000000000E-02,-1.13E-02, 2.500000000E-02, 0.000000000E+00, 0.000000000E+00, 2.500000000E-02,-7.22E+00
 2.939999934E-02, 5.000000000E-02,-1.16E-02, 2.500000000E-02, 0.000000000E+00, 0.000000000E+00, 2.500000000E-02,-7.06E+00
 2.954999934E-02, 5.000000000E-02,-1.20E-02, 2.500000000E-02, 0.000000000E+00, 0.000000000E+00, 2.500000000E-02,-6.89E+00
 2.969999934E-02, 5.000000000E-02,-1.24E-02, 2.500000000E-02, 0.000000000E+00, 0.000000000E+00, 2.500000000E-02,-6.70E+00
 2.984999933E-02, 5.000000000E-02,-1.28E-02, 2.500000000E-02, 0.000000000E+00, 0.000000000E+00, 2.500000000E-02,-6.51E+00
 2.999999933E-02, 5.000000000E-02,-1.32E-02, 2.500000000E-02, 0.000000000E+00, 0.000000000E+00, 2.500000000E-02,-6.32E+00
 3.014999933E-02, 5.000000000E-02,-1.36E-02, 2.500000000E-02, 0.000000000E+00, 0.000000000E+00, 2.500000000E-02,-6.11E+00
 3.029999932E-02, 5.000000000E-02,-1.40E-02, 2.500000000E-02, 0.000000000E+00, 0.000000000E+00, 2.500000000E-02,-5.90E+00
 3.044999932E-02, 5.000000000E-02,-1.44E-02, 2.500000000E-02, 0.000000000E+00, 0.000000000E+00, 2.500000000E-02,-5.68E+00
 3.059999932E-02, 5.000000000E-02,-1.47E-02, 2.500000000E-02, 0.000000000E+00, 0.000000000E+00, 2.500000000E-02,-5.46E+00
 3.074999931E-02, 5.000000000E-02,-1.51E-02, 2.500000000E-02, 0.000000000E+00, 0.000000000E+00, 2.500000000E-02,-5.23E+00
 3.089999931E-02, 5.000000000E-02,-1.55E-02, 2.500000000E-02, 0.000000000E+00, 0.000000000E+00, 2.500000000E-02,-5.00E+00
 3.104999931E-02, 5.000000000E-02,-1.59E-02, 2.500000000E-02, 0.000000000E+00, 0.000000000E+00, 2.500000000E-02,-4.77E+00
 3.119999930E-02, 5.000000000E-02,-1.62E-02, 2.500000000E-02, 0.000000000E+00, 0.000000000E+00, 2.500000000E-02,-4.54E+00
 3.134999930E-02, 5.000000000E-02,-1.66E-02, 2.500000000E-02, 0.000000000E+00, 0.000000000E+00, 2.500000000E-02,-4.31E+00
 3.149999930E-02, 5.000000000E-02,-1.69E-02, 2.500000000E-02, 0.000000000E+00, 0.000000000E+00, 2.500000000E-02,-4.09E+00
 3.164999929E-02, 5.000000000E-02,-1.72E-02, 2.500000000E-02, 0.000000000E+00, 0.000000000E+00, 2.500000000E-02,-3.88E+00
 3.179999929E-02, 5.000000000E-02,-1.75E-02, 2.500000000E-02, 0.000000000E+00, 0.000000000E+00, 2.500000000E-02,-3.68E+00
 3.194999929E-02, 5.000000000E-02,-1.77E-02, 2.500000000E-02, 0.000000000E+00, 0.000000000E+00, 2.500000000E-02,-3.49E+00
 3.209999928E-02, 5.000000000E-02,-1.80E-02, 2.500000000E-02, 0.000000000E+00, 0.000000000E+00, 2.500000000E-02,-3.32E+00
 3.224999928E-02, 5.000000000E-02,-1.82E-02, 2.500000000E-02, 0.000000000E+00, 0.000000000E+00, 2.500000000E-02,-3.16E+00
 3.239999928E-02, 5.000000000E-02,-1.83E-02, 2.500000000E-02, 0.000000000E+00, 0.000000000E+00, 2.500000000E-02,-3.03E+00
 3.254999927E-02, 5.000000000E-02,-1.85E-02, 2.500000000E-02, 0.000000000E+00, 0.000000000E+00, 2.500000000E-02,-2.92E+00
 3.269999927E-02, 5.000000000E-02,-1.86E-02, 2.500000000E-02, 0.000000000E+00, 0.000000000E+00, 2.500000000E-02,-2.83E+00
 3.284999927E-02, 5.000000000E-02,-1.87E-02, 2.500000000E-02, 0.000000000E+00, 0.000000000E+00, 2.500000000E-02,-2.77E+00
 3.299999926E-02, 5.000000000E-02,-1.87E-02, 2.500000000E-02, 0.000000000E+00, 0.000000000E+00, 2.500000000E-02,-2.74E+00
 3.314999926E-02, 5.000000000E-02,-1.87E-02, 2.500000000E-02, 0.000000000E+00, 0.000000000E+00, 2.500000000E-02,-2.74E+00
 3.329999926E-02, 5.000000000E-02,-1.87E-02, 2.500000000E-02, 0.000000000E+00, 0.000000000E+00, 2.500000000E-02,-2.77E+00
 3.344999925E-02, 5.000000000E-02,-1.86E-02, 2.500000000E-02, 0.000000000E+00, 0.000000000E+00, 2.500000000E-02,-2.83E+00
 3.359999925E-02, 5.000000000E-02,-1.85E-02, 2.500000000E-02, 0.000000000E+00, 0.000000000E+00, 2.500000000E-02,-2.91E+00
 3.374999925E-02, 5.000000000E-02,-1.84E-02, 2.500000000E-02, 0.000000000E+00, 0.000000000E+00, 2.500000000E-02,-3.02E+00
 3.389999924E-02, 5.000000000E-02,-1.82E-02, 2.500000000E-02, 0.000000000E+00, 0.000000000E+00, 2.500000000E-02,-3.15E+00
 3.404999924E-02, 5.000000000E-02,-1.80E-02, 2.500000000E-02, 0.000000000E+00, 0.000000000E+00, 2.500000000E-02,-3.30E+00
 3.419999924E-02, 5.000000000E-02,-1.78E-02, 2.500000000E-02, 0.000000000E+00, 0.000000000E+00, 2.500000000E-02,-3.48E+00
 3.434999923E-02, 5.000000000E-02,-1.75E-02, 2.500000000E-02, 0.000000000E+00, 0.000000000E+00, 2.500000000E-02,-3.66E+00
 3.449999923E-02, 5.000000000E-02,-1.72E-02, 2.500000000E-02, 0.000000000E+00, 0.000000000E+00, 2.500000000E-02,-3.86E+00
 3.464999923E-02, 5.000000000E-02,-1.69E-02, 2.500000000E-02, 0.000000000E+00, 0.000000000E+00, 2.500000000E-02,-4.08E+00
 3.479999922E-02, 5.000000000E-02,-1.66E-02, 2.500000000E-02, 0.000000000E+00, 0.000000000E+00, 2.500000000E-02,-4.30E+00
 3.494999922E-02, 5.000000000E-02,-1.63E-02, 2.500000000E-02, 0.000000000E+00, 0.000000000E+00, 2.500000000E-02,-4.52E+00
 3.509999922E-02, 5.000000000E-02,-1.59E-02, 2.500000000E-02, 0.000000000E+00, 0.000000000E+00, 2.500000000E-02,-4.75E+00
 3.524999921E-02, 5.000000000E-02,-1.55E-02, 2.500000000E-02, 0.000000000E+00, 0.000000000E+00, 2.500000000E-02,-4.98E+00
 3.539999921E-02, 5.000000000E-02,-1.52E-02, 2.500000000E-02, 0.000000000E+00, 0.000000000E+00, 2.500000000E-02,-5.21E+00
 3.554999921E-02, 5.000000000E-02,-1.48E-02, 2.500000000E-02, 0.000000000E+00, 0.000000000E+00, 2.500000000E-02,-5.43E+00
 3.569999920E-02, 5.000000000E-02,-1.44E-02, 2.500000000E-02, 0.000000000E+00, 0.000000000E+00, 2.500000000E-02,-5.65E+00
 3.584999920E-02, 5.000000000E-02,-1.40E-02, 2.500000000E-02, 0.000000000E+00, 0.000000000E+00, 2.500000000E-02,-5.87E+00
 3.599999920E-02, 5.000000000E-02,-1.36E-02, 2.500000000E-02, 0.000000000E+00, 0.000000000E+00, 2.500000000E-02,-6.08E+00
 3.614999919E-02, 5.000000000E-02,-1.32E-02, 2.500000000E-02, 0.000000000E+00, 0.000000000E+00, 2.500000000E-02,-6.29E+00
 3.629999919E-02, 5.000000000E-02,-1.28E-02, 2.500000000E-02, 0.000000000E+00, 0.000000000E+00, 2.500000000E-02,-6.48E+00
 3.644999919E-02, 5.000000000E-02,-1.24E-02, 2.500000000E-02, 0.000000000E+00, 0.000000000E+00, 2.500000000E-02,-6.67E+00
 3.659999918E-02, 5.000000000E-02,-1.20E-02, 2.500000000E-02, 0.000000000E+00, 0.000000000E+00, 2.500000000E-02,-6.85E+00
 3.674999918E-02, 5.000000000E-02,-1.17E-02, 2.500000000E-02, 0.000000000E+00, 0.000000000E+00, 2.500000000E-02,-7.02E+00
 3.689999918E-02, 5.000000000E-02,-1.13E-02, 2.500000000E-02, 0.000000000E+00, 0.000000000E+00, 2.500000000E-02,-7.19E+00
 3.704999917E-02, 5.000000000E-02,-1.10E-02, 2.500000000E-02, 0.000000000E+00, 0.000000000E+00, 2.500000000E-02,-7.34E+00
 3.719999917E-02, 5.000000000E-02,-1.06E-02, 2.500000000E-02, 0.000000000E+00, 0.000000000E+00, 2.500000000E-02,-7.48E+00
 3.734999917E-02, 5.000000000E-02,-1.03E-02, 2.500000000E-02, 0.000000000E+00, 0.000000000E+00, 2.500000000E-02,-7.61E+00
 3.749999916E-02, 5.000000000E-02,-1.00E-02, 2.500000000E-02, 0.000000000E+00, 0.000000000E+00, 2.500000000E-02,-7.74E+00
 3.764999916E-02, 5.000000000E-02,-9.73E-03, 2.500000000E-02, 0.000000000E+00, 0.000000000E+00, 2.500000000E-02,-7.85E+00
 3.779999916E-02, 5.000000000E-02,-9.47E-03, 2.500000000E-02, 0.000000000E+00, 0.000000000E+00, 2.500000000E-02,-7.96E+00
 3.794999915E-02, 5.000000000E-02,-9.23E-03, 2.500000000E-02, 0.000000000E+00, 0.000000000E+00, 2.500000000E-02,-8.05E+00
 3.809999915E-02, 5.000000000E-02,-9.01E-03, 2.500000000E-02, 0.000000000E+00, 0.000000000E+00, 2.500000000E-02,-8.13E+00
 3.824999915E-02, 5.000000000E-02,-8.82E-03, 2.500000000E-02, 0.000000000E+00, 0.000000000E+00, 2.500000000E-02,-8.21E+00
 3.839999914E-02, 5.000000000E-02,-8.64E-03, 2.500000000E-02, 0.000000000E+00, 0.000000000E+00, 2.500000000E-02,-8.28E+00
 3.854999914E-02, 5.000000000E-02,-8.49E-03, 2.500000000E-02, 0.000000000E+00, 0.000000000E+00, 2.500000000E-02,-8.33E+00
 3.869999913E-02, 5.000000000E-02,-8.36E-03, 2.500000000E-02, 0.000000000E+00, 0.000000000E+00, 2.500000000E-02,-8.38E+00
 3.884999913E-02, 5.000000000E-02,-8.25E-03, 2.500000000E-02, 0.000000000E+00, 0.000000000E+00, 2.500000000E-02,-8.42E+00
 3.899999913E-02, 5.000000000E-02,-8.17E-03, 2.500000000E-02, 0.000000000E+00, 0.000000000E+00, 2.500000000E-02,-8.45E+00
 3.914999912E-02, 5.000000000E-02,-8.11E-03, 2.500000000E-02, 0.000000000E+00, 0.000000000E+00, 2.500000000E-02,-8.48E+00
 3.929999912E-02, 5.000000000E-02,-8.07E-03, 2.500000000E-02, 0.000000000E+00, 0.000000000E+00, 2.500000000E-02,-8.49E+00
 3.944999912E-02, 5.000000000E-02,-8.05E-03, 2.500000000E-02, 0.000000000E+00, 0.000000000E+00, 2.500000000E-02,-8.50E+00
 3.959999911E-02, 5.000000000E-02,-8.06E-03, 2.500000000E-02, 0.000000000E+00, 0.000000000E+00, 2.500000000E-02,-8.49E+00
 3.974999911E-02, 5.000000000E-02,-8.10E-03, 2.500000000E-02, 0.000000000E+00, 0.000000000E+00, 2.500000000E-02,-8.48E+00
 3.989999911E-02, 5.000000000E-02,-8.15E-03, 2.500000000E-02, 0.000000000E+00, 0.000000000E+00, 2.500000000E-02,-8.46E+00
 4.004999910E-02, 5.000000000E-02,-8.23E-03, 2.500000000E-02, 0.000000000E+00, 0.000000000E+00, 2.500000000E-02,-8.43E+00
 4.019999910E-02, 5.000000000E-02,-8.33E-03, 2.500000000E-02, 0.000000000E+00, 0.000000000E+00, 2.500000000E-02,-8.39E+00
 4.034999910E-02, 5.000000000E-02,-8.46E-03, 2.500000000E-02, 0.000000000E+00, 0.000000000E+00, 2.500000000E-02,-8.35E+00
 4.049999909E-02, 5.000000000E-02,-8.61E-03, 2.500000000E-02, 0.000000000E+00, 0.000000000E+00, 2.500000000E-02,-8.29E+00
 4.064999909E-02, 5.000000000E-02,-8.78E-03, 2.500000000E-02, 0.000000000E+00, 0.000000000E+00, 2.500000000E-02,-8.23E+00
 4.079999909E-02, 5.000000000E-02,-8.97E-03, 2.500000000E-02, 0.000000000E+00, 0.000000000E+00, 2.500000000E-02,-8.15E+00
 4.094999908E-02, 5.000000000E-02,-9.18E-03, 2.500000000E-02, 0.000000000E+00, 0.000000000E+00, 2.500000000E-02,-8.07E+00
 4.109999908E-02, 5.000000000E-02,-9.42E-03, 2.500000000E-02, 0.000000000E+00, 0.000000000E+00, 2.500000000E-02,-7.98E+00
 4.124999908E-02, 5.000000000E-02,-9.67E-03, 2.500000000E-02, 0.000000000E+00, 0.000000000E+00, 2.500000000E-02,-7.88E+00
 4.139999907E-02, 5.000000000E-02,-9.95E-03, 2.500000000E-02, 0.000000000E+00, 0.000000000E+00, 2.500000000E-02,-7.76E+00
 4.154999907E-02, 5.000000000E-02,-1.02E-02, 2.500000000E-02, 0.000000000E+00, 0.000000000E+00, 2.500000000E-02,-7.64E+00
 4.169999907E-02, 5.000000000E-02,-1.06E-02, 2.500000000E-02, 0.000000000E+00, 0.000000000E+00, 2.500000000E-02,-7.51E+00
 4.184999906E-02, 5.000000000E-02,-1.09E-02, 2.500000000E-02, 0.000000000E+00, 0.000000000E+00, 2.500000000E-02,-7.37E+00
 4.199999906E-02, 5.000000000E-02,-1.12E-02, 2.500000000E-02, 0.000000000E+00, 0.000000000E+00, 2.500000000E-02,-7.22E+00
 4.214999906E-02, 5.000000000E-02,-1.16E-02, 2.500000000E-02, 0.000000000E+00, 0.000000000E+00, 2.500000000E-02,-7.06E+00
 4.229999905E-02, 5.000000000E-02,-1.19E-02, 2.500000000E-02, 0.000000000E+00, 0.000000000E+00, 2.500000000E-02,-6.90E+00
 4.244999905E-02, 5.000000000E-02,-1.23E-02, 2.500000000E-02, 0.000000000E+00, 0.000000000E+00, 2.500000000E-02,-6.72E+00
 4.259999905E-02, 5.000000000E-02,-1.27E-02, 2.500000000E-02, 0.000000000E+00, 0.000000000E+00, 2.500000000E-02,-6.53E+00
 4.274999904E-02, 5.000000000E-02,-1.31E-02, 2.500000000E-02, 0.000000000E+00, 0.000000000E+00, 2.500000000E-02,-6.34E+00
 4.289999904E-02, 5.000000000E-02,-1.35E-02, 2.500000000E-02, 0.000000000E+00, 0.000000000E+00, 2.500000000E-02,-6.13E+00
 4.304999904E-02, 5.000000000E-02,-1.39E-02, 2.500000000E-02, 0.000000000E+00, 0.000000000E+00, 2.500000000E-02,-5.93E+00
 4.319999903E-02, 5.000000000E-02,-1.43E-02, 2.500000000E-02, 0.000000000E+00, 0.000000000E+00, 2.500000000E-02,-5.71E+00
 4.334999903E-02, 5.000000000E-02,-1.47E-02, 2.500000000E-02, 0.000000000E+00, 0.000000000E+00, 2.500000000E-02,-5.49E+00
 4.349999903E-02, 5.000000000E-02,-1.51E-02, 2.500000000E-02, 0.000000000E+00, 0.000000000E+00, 2.500000000E-02,-5.26E+00
 4.364999902E-02, 5.000000000E-02,-1.55E-02, 2.500000000E-02, 0.000000000E+00, 0.000000000E+00, 2.500000000E-02,-5.04E+00
 4.379999902E-02, 5.000000000E-02,-1.58E-02, 2.500000000E-02, 0.000000000E+00, 0.000000000E+00, 2.500000000E-02,-4.81E+00
 4.394999902E-02, 5.000000000E-02,-1.62E-02, 2.500000000E-02, 0.000000000E+00, 0.000000000E+00, 2.500000000E-02,-4.58E+00
 4.409999901E-02, 5.000000000E-02,-1.65E-02, 2.500000000E-02, 0.000000000E+00, 0.000000000E+00, 2.500000000E-02,-4.36E+00
 4.424999901E-02, 5.000000000E-02,-1.69E-02, 2.500000000E-02, 0.000000000E+00, 0.000000000E+00, 2.500000000E-02,-4.13E+00
 4.439999901E-02, 5.000000000E-02,-1.72E-02, 2.500000000E-02, 0.000000000E+00, 0.000000000E+00, 2.500000000E-02,-3.92E+00
 4.454999900E-02, 5.000000000E-02,-1.75E-02, 2.500000000E-02, 0.000000000E+00, 0.000000000E+00, 2.500000000E-02,-3.72E+00
 4.469999900E-02, 5.000000000E-02,-1.77E-02, 2.500000000E-02, 0.000000000E+00, 0.000000000E+00, 2.500000000E-02,-3.53E+00
 4.484999900E-02, 5.000000000E-02,-1.80E-02, 2.500000000E-02, 0.000000000E+00, 0.000000000E+00, 2.500000000E-02,-3.35E+00
 4.499999899E-02, 5.000000000E-02,-1.82E-02, 2.500000000E-02, 0.000000000E+00, 0.000000000E+00, 2.500000000E-02,-3.19E+00
 4.514999899E-02, 5.000000000E-02,-1.83E-02, 2.500000000E-02, 0.000000000E+00, 0.000000000E+00, 2.500000000E-02,-3.05E+00
 4.529999899E-02, 5.000000000E-02,-1.85E-02, 2.500000000E-02, 0.000000000E+00, 0.000000000E+00, 2.500000000E-02,-2.93E+00
 4.544999898E-02, 5.000000000E-02,-1.86E-02, 2.500000000E-02, 0.000000000E+00, 0.000000000E+00, 2.500000000E-02,-2.84E+00
 4.559999898E-02, 5.000000000E-02,-1.87E-02, 2.500000000E-02, 0.000000000E+00, 0.000000000E+00, 2.500000000E-02,-2.78E+00
 4.574999898E-02, 5.000000000E-02,-1.87E-02, 2.500000000E-02, 0.000000000E+00, 0.000000000E+00, 2.500000000E-02,-2.74E+00
 4.589999897E-02, 5.000000000E-02,-1.87E-02, 2.500000000E-02, 0.000000000E+00, 0.000000000E+00, 2.500000000E-02,-2.73E+00
 4.604999897E-02, 5.000000000E-02,-1.87E-02, 2.500000000E-02, 0.000000000E+00, 0.000000000E+00, 2.500000000E-02,-2.75E+00
 4.619999897E-02, 5.000000000E-02,-1.87E-02, 2.500000000E-02, 0.000000000E+00, 0.000000000E+00, 2.500000000E-02,-2.80E+00
 4.634999896E-02, 5.000000000E-02,-1.86E-02, 2.500000000E-02, 0.000000000E+00, 0.000000000E+00, 2.500000000E-02,-2.87E+00
 4.649999896E-02, 5.000000000E-02,-1.84E-02, 2.500000000E-02, 0.000000000E+00, 0.000000000E+00, 2.500000000E-02,-2.97E+00
 4.664999896E-02, 5.000000000E-02,-1.83E-02, 2.500000000E-02, 0.000000000E+00, 0.000000000E+00, 2.500000000E-02,-3.09E+00
 4.679999895E-02, 5.000000000E-02,-1.81E-02, 2.500000000E-02, 0.000000000E+00, 0.000000000E+00, 2.500000000E-02,-3.24E+00
 4.694999895E-02, 5.000000000E-02,-1.79E-02, 2.500000000E-02, 0.000000000E+00, 0.000000000E+00, 2.500000000E-02,-3.41E+00
 4.709999895E-02, 5.000000000E-02,-1.76E-02, 2.500000000E-02, 0.000000000E+00, 0.000000000E+00, 2.500000000E-02,-3.59E+00
 4.724999894E-02, 5.000000000E-02,-1.74E-02, 2.500000000E-02, 0.000000000E+00, 0.000000000E+00, 2.500000000E-02,-3.78E+00
 4.739999894E-02, 5.000000000E-02,-1.71E-02, 2.500000000E-02, 0.000000000E+00, 0.000000000E+00, 2.500000000E-02,-3.99E+00
 4.754999894E-02, 5.000000000E-02,-1.68E-02, 2.500000000E-02, 0.000000000E+00, 0.000000000E+00, 2.500000000E-02,-4.21E+00
 4.769999893E-02, 5.000000000E-02,-1.64E-02, 2.500000000E-02, 0.000000000E+00, 0.000000000E+00, 2.500000000E-02,-4.43E+00
 4.784999893E-02, 5.000000000E-02,-1.61E-02, 2.500000000E-02, 0.000000000E+00, 0.000000000E+00, 2.500000000E-02,-4.65E+00
 4.799999893E-02, 5.000000000E-02,-1.57E-02, 2.500000000E-02, 0.000000000E+00, 0.000000000E+00, 2.500000000E-02,-4.88E+00
 4.814999892E-02, 5.000000000E-02,-1.53E-02, 2.500000000E-02, 0.000000000E+00, 0.000000000E+00, 2.500000000E-02,-5.10E+00
 4.829999892E-02, 5.000000000E-02,-1.50E-02, 2.500000000E-02, 0.000000000E+00, 0.000000000E+00, 2.500000000E-02,-5.33E+00
 4.844999892E-02, 5.000000000E-02,-1.46E-02, 2.500000000E-02, 0.000000000E+00, 0.000000000E+00, 2.500000000E-02,-5.55E+00
 4.859999891E-02, 5.000000000E-02,-1.42E-02, 2.500000000E-02, 0.000000000E+00, 0.000000000E+00, 2.500000000E-02,-5.77E+00
 4.874999891E-02, 5.000000000E-02,-1.38E-02, 2.500000000E-02, 0.000000000E+00, 0.000000000E+00, 2.500000000E-02,-5.98E+00
 4.889999891E-02, 5.000000000E-02,-1.34E-02, 2.500000000E-02, 0.000000000E+00, 0.000000000E+00, 2.500000000E-02,-6.18E+00
 4.904999890E-02, 5.000000000E-02,-1.30E-02, 2.500000000E-02, 0.000000000E+00, 0.000000000E+00, 2.500000000E-02,-6.38E+00
 4.919999890E-02, 5.000000000E-02,-1.26E-02, 2.500000000E-02, 0.000000000E+00, 0.000000000E+00, 2.500000000E-02,-6.57E+00
 4.934999890E-02, 5.000000000E-02,-1.22E-02, 2.500000000E-02, 0.000000000E+00, 0.000000000E+00, 2.500000000E-02,-6.75E+00
 4.949999889E-02, 5.000000000E-02,-1.19E-02, 2.500000000E-02, 0.000000000E+00, 0.000000000E+00, 2.500000000E-02,-6.92E+00
 4.964999889E-02, 5.000000000E-02,-1.15E-02, 2.500000000E-02, 0.000000000E+00, 0.000000000E+00, 2.500000000E-02,-7.09E+00
 4.979999889E-02, 5.000000000E-02,-1.11E-02, 2.500000000E-02, 0.000000000E+00, 0.000000000E+00, 2.500000000E-02,-7.24E+00
 4.994999888E-02, 5.000000000E-02,-1.08E-02, 2.500000000E-02, 0.000000000E+00, 0.000000000E+00, 2.500000000E-02,-7.39E+00
 5.009999888E-02, 5.000000000E-02,-1.05E-02, 2.500000000E-02, 0.000000000E+00, 0.000000000E+00, 2.500000000E-02,-7.52E+00
 5.024999888E-02, 5.000000000E-02,-1.02E-02, 2.500000000E-02, 0.000000000E+00, 0.000000000E+00, 2.500000000E-02,-7.65E+00
 5.039999887E-02, 5.000000000E-02,-9.90E-03, 2.500000000E-02, 0.000000000E+00, 0.000000000E+00, 2.500000000E-02,-7.76E+00
 5.054999887E-02, 5.000000000E-02,-9.63E-03, 2.500000000E-02, 0.000000000E+00, 0.000000000E+00, 2.500000000E-02,-7.87E+00
 5.069999887E-02, 5.000000000E-02,-9.39E-03, 2.500000000E-02, 0.000000000E+00, 0.000000000E+00, 2.500000000E-02,-7.97E+00
 5.084999886E-02, 5.000000000E-02,-9.16E-03, 2.500000000E-02, 0.000000000E+00, 0.000000000E+00, 2.500000000E-02,-8.05E+00
 5.099999886E-02, 5.000000000E-02,-8.95E-03, 2.500000000E-02, 0.000000000E+00, 0.000000000E+00, 2.500000000E-02,-8.13E+00
 5.114999886E-02, 5.000000000E-02,-8.77E-03, 2.500000000E-02, 0.000000000E+00, 0.000000000E+00, 2.500000000E-02,-8.20E+00
 5.129999885E-02, 5.000000000E-02,-8.60E-03, 2.500000000E-02, 0.000000000E+00, 0.000000000E+00, 2.500000000E-02,-8.26E+00
 5.144999885E-02, 5.000000000E-02,-8.46E-03, 2.500000000E-02, 0.000000000E+00, 0.000000000E+00, 2.500000000E-02,-8.32E+00
 5.159999885E-02, 5.000000000E-02,-8.34E-03, 2.500000000E-02, 0.000000000E+00, 0.000000000E+00, 2.500000000E-02,-8.36E+00
 5.174999884E-02, 5.000000000E-02,-8.24E-03, 2.500000000E-02, 0.000000000E+00, 0.000000000E+00, 2.500000000E-02,-8.40E+00
 5.189999884E-02, 5.000000000E-02,-8.17E-03, 2.500000000E-02, 0.000000000E+00, 0.000000000E+00, 2.500000000E-02,-8.42E+00
 5.204999884E-02, 5.000000000E-02,-8.12E-03, 2.500000000E-02, 0.000000000E+00, 0.000000000E+00, 2.500000000E-02,-8.44E+00
 5.219999883E-02, 5.000000000E-02,-8.09E-03, 2.500000000E-02, 0.000000000E+00, 0.000000000E+00, 2.500000000E-02,-8.45E+00
 5.234999883E-02, 5.000000000E-02,-8.08E-03, 2.500000000E-02, 0.000000000E+00, 0.000000000E+00, 2.500000000E-02,-8.46E+00
 5.249999883E-02, 5.000000000E-02,-8.09E-03, 2.500000000E-02, 0.000000000E+00, 0.000000000E+00, 2.500000000E-02,-8.45E+00
 5.264999882E-02, 5.000000000E-02,-8.13E-03, 2.500000000E-02, 0.000000000E+00, 0.000000000E+00, 2.500000000E-02,-8.44E+00
 5.279999882E-02, 5.000000000E-02,-8.19E-03, 2.500000000E-02, 0.000000000E+00, 0.000000000E+00, 2.500000000E-02,-8.42E+00
 5.294999882E-02, 5.000000000E-02,-8.27E-03, 2.500000000E-02, 0.000000000E+00, 0.000000000E+00, 2.500000000E-02,-8.39E+00
 5.309999881E-02, 5.000000000E-02,-8.38E-03, 2.500000000E-02, 0.000000000E+00, 0.000000000E+00, 2.500000000E-02,-8.35E+00
 5.324999881E-02, 5.000000000E-02,-8.51E-03, 2.500000000E-02, 0.000000000E+00, 0.000000000E+00, 2.500000000E-02,-8.30E+00
 5.339999881E-02, 5.000000000E-02,-8.66E-03, 2.500000000E-02, 0.000000000E+00, 0.000000000E+00, 2.500000000E-02,-8.25E+00
 5.354999880E-02, 5.000000000E-02,-8.83E-03, 2.500000000E-02, 0.000000000E+00, 0.000000000E+00, 2.500000000E-02,-8.18E+00
 5.369999880E-02, 5.000000000E-02,-9.02E-03, 2.500000000E-02, 0.000000000E+00, 0.000000000E+00, 2.500000000E-02,-8.11E+00
 5.384999880E-02, 5.000000000E-02,-9.23E-03, 2.500000000E-02, 0.000000000E+00, 0.000000000E+00, 2.500000000E-02,-8.03E+00
 5.399999879E-02, 5.000000000E-02,-9.47E-03, 2.500000000E-02, 0.000000000E+00, 0.000000000E+00, 2.500000000E-02,-7.94E+00
 5.414999879E-02, 5.000000000E-02,-9.72E-03, 2.500000000E-02, 0.000000000E+00, 0.000000000E+00, 2.500000000E-02,-7.84E+00
 5.429999879E-02, 5.000000000E-02,-9.99E-03, 2.500000000E-02, 0.000000000E+00, 0.000000000E+00, 2.500000000E-02,-7.73E+00
 5.444999878E-02, 5.000000000E-02,-1.03E-02, 2.500000000E-02, 0.000000000E+00, 0.000000000E+00, 2.500000000E-02,-7.61E+00
 5.459999878E-02, 5.000000000E-02,-1.06E-02, 2.500000000E-02, 0.000000000E+00, 0.000000000E+00, 2.500000000E-02,-7.48E+00
 5.474999878E-02, 5.000000000E-02,-1.09E-02, 2.500000000E-02, 0.000000000E+00, 0.000000000E+00, 2.500000000E-02,-7.34E+00
 5.489999877E-02, 5.000000000E-02,-1.13E-02, 2.500000000E-02, 0.000000000E+00, 0.000000000E+00, 2.500000000E-02,-7.20E+00
 5.504999877E-02, 5.000000000E-02,-1.16E-02, 2.500000000E-02, 0.000000000E+00, 0.000000000E+00, 2.500000000E-02,-7.04E+00
 5.519999877E-02, 5.000000000E-02,-1.20E-02, 2.500000000E-02, 0.000000000E+00, 0.000000000E+00, 2.500000000E-02,-6.87E+00
 5.534999876E-02, 5.000000000E-02,-1.23E-02, 2.500000000E-02, 0.000000000E+00, 0.000000000E+00, 2.500000000E-02,-6.70E+00
 5.549999876E-02, 5.000000000E-02,-1.27E-02, 2.500000000E-02, 0.000000000E+00, 0.000000000E+00, 2.500000000E-02,-6.52E+00
 5.564999876E-02, 5.000000000E-02,-1.31E-02, 2.500000000E-02, 0.000000000E+00, 0.000000000E+00, 2.500000000E-02,-6.32E+00
 5.579999875E-02, 5.000000000E-02,-1.35E-02, 2.500000000E-02, 0.000000000E+00, 0.000000000E+00, 2.500000000E-02,-6.13E+00
 5.594999875E-02, 5.000000000E-02,-1.39E-02, 2.500000000E-02, 0.000000000E+00, 0.000000000E+00, 2.500000000E-02,-5.92E+00
 5.609999875E-02, 5.000000000E-02,-1.43E-02, 2.500000000E-02, 0.000000000E+00, 0.000000000E+00, 2.500000000E-02,-5.71E+00
 5.624999874E-02, 5.000000000E-02,-1.47E-02, 2.500000000E-02, 0.000000000E+00, 0.000000000E+00, 2.500000000E-02,-5.49E+00
 5.639999874E-02, 5.000000000E-02,-1.51E-02, 2.500000000E-02, 0.000000000E+00, 0.000000000E+00, 2.500000000E-02,-5.27E+00
 5.654999874E-02, 5.000000000E-02,-1.55E-02, 2.500000000E-02, 0.000000000E+00, 0.000000000E+00, 2.500000000E-02,-5.04E+00
 5.669999873E-02, 5.000000000E-02,-1.58E-02, 2.500000000E-02, 0.000000000E+00, 0.000000000E+00, 2.500000000E-02,-4.82E+00
 5.684999873E-02, 5.000000000E-02,-1.62E-02, 2.500000000E-02, 0.000000000E+00, 0.000000000E+00, 2.500000000E-02,-4.59E+00
 5.699999873E-02, 5.000000000E-02,-1.65E-02, 2.500000000E-02, 0.000000000E+00, 0.000000000E+00, 2.500000000E-02,-4.37E+00
 5.714999872E-02, 5.000000000E-02,-1.69E-02, 2.500000000E-02, 0.000000000E+00, 0.000000000E+00, 2.500000000E-02,-4.15E+00
 5.729999872E-02, 5.000000000E-02,-1.72E-02, 2.500000000E-02, 0.000000000E+00, 0.000000000E+00, 2.500000000E-02,-3.93E+00
 5.744999872E-02, 5.000000000E-02,-1.75E-02, 2.500000000E-02, 0.000000000E+00, 0.000000000E+00, 2.500000000E-02,-3.73E+00
 5.759999871E-02, 5.000000000E-02,-1.77E-02, 2.500000000E-02, 0.000000000E+00, 0.000000000E+00, 2.500000000E-02,-3.54E+00
 5.774999871E-02, 5.000000000E-02,-1.80E-02, 2.500000000E-02, 0.000000000E+00, 0.000000000E+00, 2.500000000E-02,-3.36E+00
 5.789999871E-02, 5.000000000E-02,-1.82E-02, 2.500000000E-02, 0.000000000E+00, 0.000000000E+00, 2.500000000E-02,-3.20E+00
 5.804999870E-02, 5.000000000E-02,-1.84E-02, 2.500000000E-02, 0.000000000E+00, 0.000000000E+00, 2.500000000E-02,-3.06E+00
 5.819999870E-02, 5.000000000E-02,-1.85E-02, 2.500000000E-02, 0.000000000E+00, 0.000000000E+00, 2.500000000E-02,-2.94E+00
 5.834999870E-02, 5.000000000E-02,-1.86E-02, 2.500000000E-02, 0.000000000E+00, 0.000000000E+00, 2.500000000E-02,-2.84E+00
 5.849999869E-02, 5.000000000E-02,-1.87E-02, 2.500000000E-02, 0.000000000E+00, 0.000000000E+00, 2.500000000E-02,-2.77E+00
 5.864999869E-02, 5.000000000E-02,-1.88E-02, 2.500000000E-02, 0.000000000E+00, 0.000000000E+00, 2.500000000E-02,-2.73E+00
 5.879999869E-02, 5.000000000E-02,-1.88E-02, 2.500000000E-02, 0.000000000E+00, 0.000000000E+00, 2.500000000E-02,-2.71E+00
 5.894999868E-02, 5.000000000E-02,-1.88E-02, 2.500000000E-02, 0.000000000E+00, 0.000000000E+00, 2.500000000E-02,-2.73E+00
 5.909999868E-02, 5.000000000E-02,-1.87E-02, 2.500000000E-02, 0.000000000E+00, 0.000000000E+00, 2.500000000E-02,-2.77E+00
 5.924999868E-02, 5.000000000E-02,-1.86E-02, 2.500000000E-02, 0.000000000E+00, 0.000000000E+00, 2.500000000E-02,-2.84E+00
 5.939999867E-02, 5.000000000E-02,-1.85E-02, 2.500000000E-02, 0.000000000E+00, 0.000000000E+00, 2.500000000E-02,-2.93E+00
 5.954999867E-02, 5.000000000E-02,-1.84E-02, 2.500000000E-02, 0.000000000E+00, 0.000000000E+00, 2.500000000E-02,-3.05E+00
 5.969999867E-02, 5.000000000E-02,-1.82E-02, 2.500000000E-02, 0.000000000E+00, 0.000000000E+00, 2.500000000E-02,-3.19E+00
 5.984999866E-02, 5.000000000E-02,-1.80E-02, 2.500000000E-02, 0.000000000E+00, 0.000000000E+00, 2.500000000E-02,-3.35E+00
 5.999999866E-02, 5.000000000E-02,-1.77E-02, 2.500000000E-02, 0.000000000E+00, 0.000000000E+00, 2.500000000E-02,-3.53E+00
 6.014999866E-02, 5.000000000E-02,-1.75E-02, 2.500000000E-02, 0.000000000E+00, 0.000000000E+00, 2.500000000E-02,-3.72E+00
 6.029999865E-02, 5.000000000E-02,-1.72E-02, 2.500000000E-02, 0.000000000E+00, 0.000000000E+00, 2.500000000E-02,-3.92E+00
 6.044999865E-02, 5.000000000E-02,-1.69E-02, 2.500000000E-02, 0.000000000E+00, 0.000000000E+00, 2.500000000E-02,-4.13E+00
 6.059999865E-02, 5.000000000E-02,-1.66E-02, 2.500000000E-02, 0.000000000E+00, 0.000000000E+00, 2.500000000E-02,-4.35E+00
 6.074999864E-02, 5.000000000E-02,-1.62E-02, 2.500000000E-02, 0.000000000E+00, 0.000000000E+00, 2.500000000E-02,-4.57E+00
 6.089999864E-02, 5.000000000E-02,-1.59E-02, 2.500000000E-02, 0.000000000E+00, 0.000000000E+00, 2.500000000E-02,-4.80E+00
 6.104999864E-02, 5.000000000E-02,-1.55E-02, 2.500000000E-02, 0.000000000E+00, 0.000000000E+00, 2.500000000E-02,-5.02E+00
 6.119999863E-02, 5.000000000E-02,-1.51E-02, 2.500000000E-02, 0.000000000E+00, 0.000000000E+00, 2.500000000E-02,-5.25E+00
 6.134999863E-02, 5.000000000E-02,-1.47E-02, 2.500000000E-02, 0.000000000E+00, 0.000000000E+00, 2.500000000E-02,-5.46E+00
 6.149999863E-02, 5.000000000E-02,-1.43E-02, 2.500000000E-02, 0.000000000E+00, 0.000000000E+00, 2.500000000E-02,-5.68E+00
 6.164999862E-02, 5.000000000E-02,-1.39E-02, 2.500000000E-02, 0.000000000E+00, 0.000000000E+00, 2.500000000E-02,-5.89E+00
 6.179999862E-02, 5.000000000E-02,-1.36E-02, 2.500000000E-02, 0.000000000E+00, 0.000000000E+00, 2.500000000E-02,-6.09E+00
 6.194999862E-02, 5.000000000E-02,-1.32E-02, 2.500000000E-02, 0.000000000E+00, 0.000000000E+00, 2.500000000E-02,-6.29E+00
 6.209999861E-02, 5.000000000E-02,-1.28E-02, 2.500000000E-02, 0.000000000E+00, 0.000000000E+00, 2.500000000E-02,-6.48E+00
 6.224999861E-02, 5.000000000E-02,-1.24E-02, 2.500000000E-02, 0.000000000E+00, 0.000000000E+00, 2.500000000E-02,-6.66E+00
 6.239999861E-02, 5.000000000E-02,-1.20E-02, 2.500000000E-02, 0.000000000E+00, 0.000000000E+00, 2.500000000E-02,-6.83E+00
 6.254999860E-02, 5.000000000E-02,-1.17E-02, 2.500000000E-02, 0.000000000E+00, 0.000000000E+00, 2.500000000E-02,-7.00E+00
 6.269999860E-02, 5.000000000E-02,-1.13E-02, 2.500000000E-02, 0.000000000E+00, 0.000000000E+00, 2.500000000E-02,-7.15E+00
 6.284999860E-02, 5.000000000E-02,-1.10E-02, 2.500000000E-02, 0.000000000E+00, 0.000000000E+00, 2.500000000E-02,-7.30E+00
 6.299999859E-02, 5.000000000E-02,-1.07E-02, 2.500000000E-02, 0.000000000E+00, 0.000000000E+00, 2.500000000E-02,-7.43E+00
 6.314999859E-02, 5.000000000E-02,-1.03E-02, 2.500000000E-02, 0.000000000E+00, 0.000000000E+00, 2.500000000E-02,-7.56E+00
 6.329999859E-02, 5.000000000E-02,-1.01E-02, 2.500000000E-02, 0.000000000E+00, 0.000000000E+00, 2.500000000E-02,-7.68E+00
 6.344999858E-02, 5.000000000E-02,-9.79E-03, 2.500000000E-02, 0.000000000E+00, 0.000000000E+00, 2.500000000E-02,-7.78E+00
 6.359999858E-02, 5.000000000E-02,-9.53E-03, 2.500000000E-02, 0.000000000E+00, 0.000000000E+00, 2.500000000E-02,-7.88E+00
 6.374999858E-02, 5.000000000E-02,-9.30E-03, 2.500000000E-02, 0.000000000E+00, 0.000000000E+00, 2.500000000E-02,-7.97E+00
 6.389999857E-02, 5.000000000E-02,-9.09E-03, 2.500000000E-02, 0.000000000E+00, 0.000000000E+00, 2.500000000E-02,-8.05E+00
 6.404999857E-02, 5.000000000E-02,-8.90E-03, 2.500000000E-02, 0.000000000E+00, 0.000000000E+00, 2.500000000E-02,-8.12E+00
 6.419999857E-02, 5.000000000E-02,-8.72E-03, 2.500000000E-02, 0.000000000E+00, 0.000000000E+00, 2.500000000E-02,-8.19E+00
 6.434999856E-02, 5.000000000E-02,-8.57E-03, 2.500000000E-02, 0.000000000E+00, 0.000000000E+00, 2.500000000E-02,-8.24E+00
 6.449999856E-02, 5.000000000E-02,-8.44E-03, 2.500000000E-02, 0.000000000E+00, 0.000000000E+00, 2.500000000E-02,-8.29E+00
 6.464999855E-02, 5.000000000E-02,-8.34E-03, 2.500000000E-02, 0.000000000E+00, 0.000000000E+00, 2.500000000E-02,-8.33E+00
 6.479999855E-02, 5.000000000E-02,-8.25E-03, 2.500000000E-02, 0.000000000E+00, 0.000000000E+00, 2.500000000E-02,-8.36E+00
 6.494999855E-02, 5.000000000E-02,-8.18E-03, 2.500000000E-02, 0.000000000E+00, 0.000000000E+00, 2.500000000E-02,-8.38E+00
 6.509999854E-02, 5.000000000E-02,-8.14E-03, 2.500000000E-02, 0.000000000E+00, 0.000000000E+00, 2.500000000E-02,-8.40E+00
 6.524999854E-02, 5.000000000E-02,-8.12E-03, 2.500000000E-02, 0.000000000E+00, 0.000000000E+00, 2.500000000E-02,-8.41E+00
 6.539999854E-02, 5.000000000E-02,-8.12E-03, 2.500000000E-02, 0.000000000E+00, 0.000000000E+00, 2.500000000E-02,-8.41E+00
 6.554999853E-02, 5.000000000E-02,-8.14E-03, 2.500000000E-02, 0.000000000E+00, 0.000000000E+00, 2.500000000E-02,-8.40E+00
 6.569999853E-02, 5.000000000E-02,-8.18E-03, 2.500000000E-02, 0.000000000E+00, 0.000000000E+00, 2.500000000E-02,-8.39E+00
 6.584999853E-02, 5.000000000E-02,-8.24E-03, 2.500000000E-02, 0.000000000E+00, 0.000000000E+00, 2.500000000E-02,-8.36E+00
 6.599999852E-02, 5.000000000E-02,-8.33E-03, 2.500000000E-02, 0.000000000E+00, 0.000000000E+00, 2.500000000E-02,-8.33E+00
 6.614999852E-02, 5.000000000E-02,-8.44E-03, 2.500000000E-02, 0.000000000E+00, 0.000000000E+00, 2.500000000E-02,-8.29E+00
 6.629999852E-02, 5.000000000E-02,-8.57E-03, 2.500000000E-02, 0.000000000E+00, 0.000000000E+00, 2.500000000E-02,-8.25E+00
 6.644999851E-02, 5.000000000E-02,-8.71E-03, 2.500000000E-02, 0.000000000E+00, 0.000000000E+00, 2.500000000E-02,-8.19E+00
 6.659999851E-02, 5.000000000E-02,-8.89E-03, 2.500000000E-02, 0.000000000E+00, 0.000000000E+00, 2.500000000E-02,-8.13E+00
 6.674999851E-02, 5.000000000E-02,-9.08E-03, 2.500000000E-02, 0.000000000E+00, 0.000000000E+00, 2.500000000E-02,-8.06E+00
 6.689999850E-02, 5.000000000E-02,-9.29E-03, 2.500000000E-02, 0.000000000E+00, 0.000000000E+00, 2.500000000E-02,-7.98E+00
 6.704999850E-02, 5.000000000E-02,-9.52E-03, 2.500000000E-02, 0.000000000E+00, 0.000000000E+00, 2.500000000E-02,-7.89E+00
 6.719999850E-02, 5.000000000E-02,-9.77E-03, 2.500000000E-02, 0.000000000E+00, 0.000000000E+00, 2.500000000E-02,-7.79E+00
 6.734999849E-02, 5.000000000E-02,-1.00E-02, 2.500000000E-02, 0.000000000E+00, 0.000000000E+00, 2.500000000E-02,-7.68E+00
 6.749999849E-02, 5.000000000E-02,-1.03E-02, 2.500000000E-02, 0.000000000E+00, 0.000000000E+00, 2.500000000E-02,-7.57E+00
 6.764999849E-02, 5.000000000E-02,-1.06E-02, 2.500000000E-02, 0.000000000E+00, 0.000000000E+00, 2.500000000E-02,-7.44E+00
 6.779999848E-02, 5.000000000E-02,-1.10E-02, 2.500000000E-02, 0.000000000E+00, 0.000000000E+00, 2.500000000E-02,-7.31E+00
 6.794999848E-02, 5.000000000E-02,-1.13E-02, 2.500000000E-02, 0.000000000E+00, 0.000000000E+00, 2.500000000E-02,-7.16E+00
 6.809999848E-02, 5.000000000E-02,-1.16E-02, 2.500000000E-02, 0.000000000E+00, 0.000000000E+00, 2.500000000E-02,-7.01E+00
 6.824999847E-02, 5.000000000E-02,-1.20E-02, 2.500000000E-02, 0.000000000E+00, 0.000000000E+00, 2.500000000E-02,-6.85E+00
 6.839999847E-02, 5.000000000E-02,-1.24E-02, 2.500000000E-02, 0.000000000E+00, 0.000000000E+00, 2.500000000E-02,-6.68E+00
 6.854999847E-02, 5.000000000E-02,-1.27E-02, 2.500000000E-02, 0.000000000E+00, 0.000000000E+00, 2.500000000E-02,-6.50E+00
 6.869999846E-02, 5.000000000E-02,-1.31E-02, 2.500000000E-02, 0.000000000E+00, 0.000000000E+00, 2.500000000E-02,-6.31E+00
 6.884999846E-02, 5.000000000E-02,-1.35E-02, 2.500000000E-02, 0.000000000E+00, 0.000000000E+00, 2.500000000E-02,-6.12E+00
 6.899999846E-02, 5.000000000E-02,-1.39E-02, 2.500000000E-02, 0.000000000E+00, 0.000000000E+00, 2.500000000E-02,-5.91E+00
 6.914999845E-02, 5.000000000E-02,-1.43E-02, 2.500000000E-02, 0.000000000E+00, 0.000000000E+00, 2.500000000E-02,-5.70E+00
 6.929999845E-02, 5.000000000E-02,-1.47E-02, 2.500000000E-02, 0.000000000E+00, 0.000000000E+00, 2.500000000E-02,-5.49E+00
 6.944999845E-02, 5.000000000E-02,-1.51E-02, 2.500000000E-02, 0.000000000E+00, 0.000000000E+00, 2.500000000E-02,-5.27E+00
 6.959999844E-02, 5.000000000E-02,-1.55E-02, 2.500000000E-02, 0.000000000E+00, 0.000000000E+00, 2.500000000E-02,-5.05E+00
 6.974999844E-02, 5.000000000E-02,-1.58E-02, 2.500000000E-02, 0.000000000E+00, 0.000000000E+00, 2.500000000E-02,-4.83E+00
 6.989999844E-02, 5.000000000E-02,-1.62E-02, 2.500000000E-02, 0.000000000E+00, 0.000000000E+00, 2.500000000E-02,-4.60E+00
 7.004999843E-02, 5.000000000E-02,-1.65E-02, 2.500000000E-02, 0.000000000E+00, 0.000000000E+00, 2.500000000E-02,-4.38E+00
 7.019999843E-02, 5.000000000E-02,-1.69E-02, 2.500000000E-02, 0.000000000E+00, 0.000000000E+00, 2.500000000E-02,-4.16E+00
 7.034999843E-02, 5.000000000E-02,-1.72E-02, 2.500000000E-02, 0.000000000E+00, 0.000000000E+00, 2.500000000E-02,-3.95E+00
 7.049999842E-02, 5.000000000E-02,-1.75E-02, 2.500000000E-02, 0.000000000E+00, 0.000000000E+00, 2.500000000E-02,-3.75E+00
 7.064999842E-02, 5.000000000E-02,-1.77E-02, 2.500000000E-02, 0.000000000E+00, 0.000000000E+00, 2.500000000E-02,-3.55E+00
 7.079999842E-02, 5.000000000E-02,-1.80E-02, 2.500000000E-02, 0.000000000E+00, 0.000000000E+00, 2.500000000E-02,-3.37E+00
 7.094999841E-02, 5.000000000E-02,-1.82E-02, 2.500000000E-02, 0.000000000E+00, 0.000000000E+00, 2.500000000E-02,-3.21E+00
 7.109999841E-02, 5.000000000E-02,-1.84E-02, 2.500000000E-02, 0.000000000E+00, 0.000000000E+00, 2.500000000E-02,-3.07E+00
 7.124999841E-02, 5.000000000E-02,-1.85E-02, 2.500000000E-02, 0.000000000E+00, 0.000000000E+00, 2.500000000E-02,-2.94E+00
 7.139999840E-02, 5.000000000E-02,-1.87E-02, 2.500000000E-02, 0.000000000E+00, 0.000000000E+00, 2.500000000E-02,-2.84E+00
 7.154999840E-02, 5.000000000E-02,-1.88E-02, 2.500000000E-02, 0.000000000E+00, 0.000000000E+00, 2.500000000E-02,-2.77E+00
 7.169999840E-02, 5.000000000E-02,-1.88E-02, 2.500000000E-02, 0.000000000E+00, 0.000000000E+00, 2.500000000E-02,-2.72E+00
 7.184999839E-02, 5.000000000E-02,-1.88E-02, 2.500000000E-02, 0.000000000E+00, 0.000000000E+00, 2.500000000E-02,-2.70E+00
 7.199999839E-02, 5.000000000E-02,-1.88E-02, 2.500000000E-02, 0.000000000E+00, 0.000000000E+00, 2.500000000E-02,-2.71E+00
 7.214999839E-02, 5.000000000E-02,-1.88E-02, 2.500000000E-02, 0.000000000E+00, 0.000000000E+00, 2.500000000E-02,-2.74E+00
 7.229999838E-02, 5.000000000E-02,-1.87E-02, 2.500000000E-02, 0.000000000E+00, 0.000000000E+00, 2.500000000E-02,-2.81E+00
 7.244999838E-02, 5.000000000E-02,-1.86E-02, 2.500000000E-02, 0.000000000E+00, 0.000000000E+00, 2.500000000E-02,-2.89E+00
 7.259999838E-02, 5.000000000E-02,-1.85E-02, 2.500000000E-02, 0.000000000E+00, 0.000000000E+00, 2.500000000E-02,-3.01E+00
 7.274999837E-02, 5.000000000E-02,-1.83E-02, 2.500000000E-02, 0.000000000E+00, 0.000000000E+00, 2.500000000E-02,-3.14E+00
 7.289999837E-02, 5.000000000E-02,-1.81E-02, 2.500000000E-02, 0.000000000E+00, 0.000000000E+00, 2.500000000E-02,-3.29E+00
 7.304999837E-02, 5.000000000E-02,-1.79E-02, 2.500000000E-02, 0.000000000E+00, 0.000000000E+00, 2.500000000E-02,-3.47E+00
 7.319999836E-02, 5.000000000E-02,-1.76E-02, 2.500000000E-02, 0.000000000E+00, 0.000000000E+00, 2.500000000E-02,-3.65E+00
 7.334999836E-02, 5.000000000E-02,-1.73E-02, 2.500000000E-02, 0.000000000E+00, 0.000000000E+00, 2.500000000E-02,-3.85E+00
 7.349999836E-02, 5.000000000E-02,-1.70E-02, 2.500000000E-02, 0.000000000E+00, 0.000000000E+00, 2.500000000E-02,-4.06E+00
 7.364999835E-02, 5.000000000E-02,-1.67E-02, 2.500000000E-02, 0.000000000E+00, 0.000000000E+00, 2.500000000E-02,-4.27E+00
 7.379999835E-02, 5.000000000E-02,-1.64E-02, 2.500000000E-02, 0.000000000E+00, 0.000000000E+00, 2.500000000E-02,-4.49E+00
 7.394999835E-02, 5.000000000E-02,-1.60E-02, 2.500000000E-02, 0.000000000E+00, 0.000000000E+00, 2.500000000E-02,-4.71E+00
 7.409999834E-02, 5.000000000E-02,-1.56E-02, 2.500000000E-02, 0.000000000E+00, 0.000000000E+00, 2.500000000E-02,-4.93E+00
 7.424999834E-02, 5.000000000E-02,-1.53E-02, 2.500000000E-02, 0.000000000E+00, 0.000000000E+00, 2.500000000E-02,-5.15E+00
 7.439999834E-02, 5.000000000E-02,-1.49E-02, 2.500000000E-02, 0.000000000E+00, 0.000000000E+00, 2.500000000E-02,-5.37E+00
 7.454999833E-02, 5.000000000E-02,-1.45E-02, 2.500000000E-02, 0.000000000E+00, 0.000000000E+00, 2.500000000E-02,-5.59E+00
 7.469999833E-02, 5.000000000E-02,-1.41E-02, 2.500000000E-02, 0.000000000E+00, 0.000000000E+00, 2.500000000E-02,-5.79E+00
 7.484999833E-02, 5.000000000E-02,-1.37E-02, 2.500000000E-02, 0.000000000E+00, 0.000000000E+00, 2.500000000E-02,-6.00E+00
 7.499999832E-02, 5.000000000E-02,-1.33E-02, 2.500000000E-02, 0.000000000E+00, 0.000000000E+00, 2.500000000E-02,-6.19E+00
 7.514999832E-02, 5.000000000E-02,-1.30E-02, 2.500000000E-02, 0.000000000E+00, 0.000000000E+00, 2.500000000E-02,-6.38E+00
 7.529999832E-02, 5.000000000E-02,-1.26E-02, 2.500000000E-02, 0.000000000E+00, 0.000000000E+00, 2.500000000E-02,-6.56E+00
 7.544999831E-02, 5.000000000E-02,-1.22E-02, 2.500000000E-02, 0.000000000E+00, 0.000000000E+00, 2.500000000E-02,-6.74E+00
 7.559999831E-02, 5.000000000E-02,-1.18E-02, 2.500000000E-02, 0.000000000E+00, 0.000000000E+00, 2.500000000E-02,-6.90E+00
 7.574999831E-02, 5.000000000E-02,-1.15E-02, 2.500000000E-02, 0.000000000E+00, 0.000000000E+00, 2.500000000E-02,-7.05E+00
 7.589999830E-02, 5.000000000E-02,-1.12E-02, 2.500000000E-02, 0.000000000E+00, 0.000000000E+00, 2.500000000E-02,-7.20E+00
 7.604999830E-02, 5.000000000E-02,-1.08E-02, 2.500000000E-02, 0.000000000E+00, 0.000000000E+00, 2.500000000E-02,-7.34E+00
 7.619999830E-02, 5.000000000E-02,-1.05E-02, 2.500000000E-02, 0.000000000E+00, 0.000000000E+00, 2.500000000E-02,-7.46E+00
 7.634999829E-02, 5.000000000E-02,-1.02E-02, 2.500000000E-02, 0.000000000E+00, 0.000000000E+00, 2.500000000E-02,-7.58E+00
 7.649999829E-02, 5.000000000E-02,-9.96E-03, 2.500000000E-02, 0.000000000E+00, 0.000000000E+00, 2.500000000E-02,-7.69E+00
 7.664999829E-02, 5.000000000E-02,-9.70E-03, 2.500000000E-02, 0.000000000E+00, 0.000000000E+00, 2.500000000E-02,-7.79E+00
 7.679999828E-02, 5.000000000E-02,-9.46E-03, 2.500000000E-02, 0.000000000E+00, 0.000000000E+00, 2.500000000E-02,-7.88E+00
 7.694999828E-02, 5.000000000E-02,-9.24E-03, 2.500000000E-02, 0.000000000E+00, 0.000000000E+00, 2.500000000E-02,-7.96E+00
 7.709999828E-02, 5.000000000E-02,-9.04E-03, 2.500000000E-02, 0.000000000E+00, 0.000000000E+00, 2.500000000E-02,-8.04E+00
 7.724999827E-02, 5.000000000E-02,-8.86E-03, 2.500000000E-02, 0.000000000E+00, 0.000000000E+00, 2.500000000E-02,-8.10E+00
 7.739999827E-02, 5.000000000E-02,-8.70E-03, 2.500000000E-02, 0.000000000E+00, 0.000000000E+00, 2.500000000E-02,-8.16E+00
 7.754999827E-02, 5.000000000E-02,-8.56E-03, 2.500000000E-02, 0.000000000E+00, 0.000000000E+00, 2.500000000E-02,-8.21E+00
 7.769999826E-02, 5.000000000E-02,-8.44E-03, 2.500000000E-02, 0.000000000E+00, 0.000000000E+00, 2.500000000E-02,-8.25E+00
 7.784999826E-02, 5.000000000E-02,-8.34E-03, 2.500000000E-02, 0.000000000E+00, 0.000000000E+00, 2.500000000E-02,-8.29E+00
 7.799999826E-02, 5.000000000E-02,-8.27E-03, 2.500000000E-02, 0.000000000E+00, 0.000000000E+00, 2.500000000E-02,-8.32E+00
 7.814999825E-02, 5.000000000E-02,-8.21E-03, 2.500000000E-02, 0.000000000E+00, 0.000000000E+00, 2.500000000E-02,-8.34E+00
 7.829999825E-02, 5.000000000E-02,-8.17E-03, 2.500000000E-02, 0.000000000E+00, 0.000000000E+00, 2.500000000E-02,-8.35E+00
 7.844999825E-02, 5.000000000E-02,-8.16E-03, 2.500000000E-02, 0.000000000E+00, 0.000000000E+00, 2.500000000E-02,-8.35E+00
 7.859999824E-02, 5.000000000E-02,-8.16E-03, 2.500000000E-02, 0.000000000E+00, 0.000000000E+00, 2.500000000E-02,-8.35E+00
 7.874999824E-02, 5.000000000E-02,-8.19E-03, 2.500000000E-02, 0.000000000E+00, 0.000000000E+00, 2.500000000E-02,-8.34E+00
 7.889999824E-02, 5.000000000E-02,-8.23E-03, 2.500000000E-02, 0.000000000E+00, 0.000000000E+00, 2.500000000E-02,-8.33E+00
 7.904999823E-02, 5.000000000E-02,-8.30E-03, 2.500000000E-02, 0.000000000E+00, 0.000000000E+00, 2.500000000E-02,-8.31E+00
 7.919999823E-02, 5.000000000E-02,-8.39E-03, 2.500000000E-02, 0.000000000E+00, 0.000000000E+00, 2.500000000E-02,-8.27E+00
 7.934999823E-02, 5.000000000E-02,-8.49E-03, 2.500000000E-02, 0.000000000E+00, 0.000000000E+00, 2.500000000E-02,-8.24E+00
 7.949999822E-02, 5.000000000E-02,-8.62E-03, 2.500000000E-02, 0.000000000E+00, 0.000000000E+00, 2.500000000E-02,-8.19E+00
 7.964999822E-02, 5.000000000E-02,-8.77E-03, 2.500000000E-02, 0.000000000E+00, 0.000000000E+00, 2.500000000E-02,-8.14E+00
 7.979999822E-02, 5.000000000E-02,-8.94E-03, 2.500000000E-02, 0.000000000E+00, 0.000000000E+00, 2.500000000E-02,-8.08E+00
 7.994999821E-02, 5.000000000E-02,-9.13E-03, 2.500000000E-02, 0.000000000E+00, 0.000000000E+00, 2.500000000E-02,-8.01E+00
 8.009999821E-02, 5.000000000E-02,-9.34E-03, 2.500000000E-02, 0.000000000E+00, 0.000000000E+00, 2.500000000E-02,-7.93E+00
 8.024999821E-02, 5.000000000E-02,-9.56E-03, 2.500000000E-02, 0.000000000E+00, 0.000000000E+00, 2.500000000E-02,-7.84E+00
 8.039999820E-02, 5.000000000E-02,-9.81E-03, 2.500000000E-02, 0.000000000E+00, 0.000000000E+00, 2.500000000E-02,-7.75E+00
 8.054999820E-02, 5.000000000E-02,-1.01E-02, 2.500000000E-02, 0.000000000E+00, 0.000000000E+00, 2.500000000E-02,-7.64E+00
 8.069999820E-02, 5.000000000E-02,-1.04E-02, 2.500000000E-02, 0.000000000E+00, 0.000000000E+00, 2.500000000E-02,-7.53E+00
 8.084999819E-02, 5.000000000E-02,-1.07E-02, 2.500000000E-02, 0.000000000E+00, 0.000000000E+00, 2.500000000E-02,-7.41E+00
 8.099999819E-02, 5.000000000E-02,-1.10E-02, 2.500000000E-02, 0.000000000E+00, 0.000000000E+00, 2.500000000E-02,-7.28E+00
 8.114999819E-02, 5.000000000E-02,-1.13E-02, 2.500000000E-02, 0.000000000E+00, 0.000000000E+00, 2.500000000E-02,-7.14E+00
 8.129999818E-02, 5.000000000E-02,-1.16E-02, 2.500000000E-02, 0.000000000E+00, 0.000000000E+00, 2.500000000E-02,-6.99E+00
 8.144999818E-02, 5.000000000E-02,-1.20E-02, 2.500000000E-02, 0.000000000E+00, 0.000000000E+00, 2.500000000E-02,-6.83E+00
 8.159999818E-02, 5.000000000E-02,-1.24E-02, 2.500000000E-02, 0.000000000E+00, 0.000000000E+00, 2.500000000E-02,-6.67E+00
 8.174999817E-02, 5.000000000E-02,-1.27E-02, 2.500000000E-02, 0.000000000E+00, 0.000000000E+00, 2.500000000E-02,-6.49E+00
 8.189999817E-02, 5.000000000E-02,-1.31E-02, 2.500000000E-02, 0.000000000E+00, 0.000000000E+00, 2.500000000E-02,-6.31E+00
 8.204999817E-02, 5.000000000E-02,-1.35E-02, 2.500000000E-02, 0.000000000E+00, 0.000000000E+00, 2.500000000E-02,-6.12E+00
 8.219999816E-02, 5.000000000E-02,-1.39E-02, 2.500000000E-02, 0.000000000E+00, 0.000000000E+00, 2.500000000E-02,-5.92E+00
 8.234999816E-02, 5.000000000E-02,-1.43E-02, 2.500000000E-02, 0.000000000E+00, 0.000000000E+00, 2.500000000E-02,-5.71E+00
 8.249999816E-02, 5.000000000E-02,-1.47E-02, 2.500000000E-02, 0.000000000E+00, 0.000000000E+00, 2.500000000E-02,-5.50E+00
 8.264999815E-02, 5.000000000E-02,-1.51E-02, 2.500000000E-02, 0.000000000E+00, 0.000000000E+00, 2.500000000E-02,-5.29E+00
 8.279999815E-02, 5.000000000E-02,-1.54E-02, 2.500000000E-02, 0.000000000E+00, 0.000000000E+00, 2.500000000E-02,-5.07E+00
 8.294999815E-02, 5.000000000E-02,-1.58E-02, 2.500000000E-02, 0.000000000E+00, 0.000000000E+00, 2.500000000E-02,-4.85E+00
 8.309999814E-02, 5.000000000E-02,-1.62E-02, 2.500000000E-02, 0.000000000E+00, 0.000000000E+00, 2.500000000E-02,-4.63E+00
 8.324999814E-02, 5.000000000E-02,-1.65E-02, 2.500000000E-02, 0.000000000E+00, 0.000000000E+00, 2.500000000E-02,-4.41E+00
 8.339999814E-02, 5.000000000E-02,-1.68E-02, 2.500000000E-02, 0.000000000E+00, 0.000000000E+00, 2.500000000E-02,-4.19E+00
 8.354999813E-02, 5.000000000E-02,-1.72E-02, 2.500000000E-02, 0.000000000E+00, 0.000000000E+00, 2.500000000E-02,-3.98E+00
 8.369999813E-02, 5.000000000E-02,-1.75E-02, 2.500000000E-02, 0.000000000E+00, 0.000000000E+00, 2.500000000E-02,-3.77E+00
 8.384999813E-02, 5.000000000E-02,-1.77E-02, 2.500000000E-02, 0.000000000E+00, 0.000000000E+00, 2.500000000E-02,-3.58E+00
 8.399999812E-02, 5.000000000E-02,-1.80E-02, 2.500000000E-02, 0.000000000E+00, 0.000000000E+00, 2.500000000E-02,-3.40E+00
 8.414999812E-02, 5.000000000E-02,-1.82E-02, 2.500000000E-02, 0.000000000E+00, 0.000000000E+00, 2.500000000E-02,-3.23E+00
 8.429999812E-02, 5.000000000E-02,-1.84E-02, 2.500000000E-02, 0.000000000E+00, 0.000000000E+00, 2.500000000E-02,-3.08E+00
 8.444999811E-02, 5.000000000E-02,-1.85E-02, 2.500000000E-02, 0.000000000E+00, 0.000000000E+00, 2.500000000E-02,-2.96E+00
 8.459999811E-02, 5.000000000E-02,-1.87E-02, 2.500000000E-02, 0.000000000E+00, 0.000000000E+00, 2.500000000E-02,-2.85E+00
 8.474999811E-02, 5.000000000E-02,-1.88E-02, 2.500000000E-02, 0.000000000E+00, 0.000000000E+00, 2.500000000E-02,-2.77E+00
 8.489999810E-02, 5.000000000E-02,-1.88E-02, 2.500000000E-02, 0.000000000E+00, 0.000000000E+00, 2.500000000E-02,-2.72E+00
 8.504999810E-02, 5.000000000E-02,-1.89E-02, 2.500000000E-02, 0.000000000E+00, 0.000000000E+00, 2.500000000E-02,-2.69E+00
 8.519999810E-02, 5.000000000E-02,-1.89E-02, 2.500000000E-02, 0.000000000E+00, 0.000000000E+00, 2.500000000E-02,-2.69E+00
 8.534999809E-02, 5.000000000E-02,-1.88E-02, 2.500000000E-02, 0.000000000E+00, 0.000000000E+00, 2.500000000E-02,-2.72E+00
 8.549999809E-02, 5.000000000E-02,-1.88E-02, 2.500000000E-02, 0.000000000E+00, 0.000000000E+00, 2.500000000E-02,-2.77E+00
 8.564999809E-02, 5.000000000E-02,-1.87E-02, 2.500000000E-02, 0.000000000E+00, 0.000000000E+00, 2.500000000E-02,-2.85E+00
 8.579999808E-02, 5.000000000E-02,-1.85E-02, 2.500000000E-02, 0.000000000E+00, 0.000000000E+00, 2.500000000E-02,-2.96E+00
 8.594999808E-02, 5.000000000E-02,-1.84E-02, 2.500000000E-02, 0.000000000E+00, 0.000000000E+00, 2.500000000E-02,-3.09E+00
 8.609999808E-02, 5.000000000E-02,-1.82E-02, 2.500000000E-02, 0.000000000E+00, 0.000000000E+00, 2.500000000E-02,-3.23E+00
 8.624999807E-02, 5.000000000E-02,-1.80E-02, 2.500000000E-02, 0.000000000E+00, 0.000000000E+00, 2.500000000E-02,-3.40E+00
 8.639999807E-02, 5.000000000E-02,-1.77E-02, 2.500000000E-02, 0.000000000E+00, 0.000000000E+00, 2.500000000E-02,-3.58E+00
 8.654999807E-02, 5.000000000E-02,-1.74E-02, 2.500000000E-02, 0.000000000E+00, 0.000000000E+00, 2.500000000E-02,-3.77E+00
 8.669999806E-02, 5.000000000E-02,-1.72E-02, 2.500000000E-02, 0.000000000E+00, 0.000000000E+00, 2.500000000E-02,-3.97E+00
 8.684999806E-02, 5.000000000E-02,-1.68E-02, 2.500000000E-02, 0.000000000E+00, 0.000000000E+00, 2.500000000E-02,-4.19E+00
 8.699999806E-02, 5.000000000E-02,-1.65E-02, 2.500000000E-02, 0.000000000E+00, 0.000000000E+00, 2.500000000E-02,-4.40E+00
 8.714999805E-02, 5.000000000E-02,-1.62E-02, 2.500000000E-02, 0.000000000E+00, 0.000000000E+00, 2.500000000E-02,-4.62E+00
 8.729999805E-02, 5.000000000E-02,-1.58E-02, 2.500000000E-02, 0.000000000E+00, 0.000000000E+00, 2.500000000E-02,-4.84E+00
 8.744999805E-02, 5.000000000E-02,-1.54E-02, 2.500000000E-02, 0.000000000E+00, 0.000000000E+00, 2.500000000E-02,-5.06E+00
 8.759999804E-02, 5.000000000E-02,-1.51E-02, 2.500000000E-02, 0.000000000E+00, 0.000000000E+00, 2.500000000E-02,-5.27E+00
 8.774999804E-02, 5.000000000E-02,-1.47E-02, 2.500000000E-02, 0.000000000E+00, 0.000000000E+00, 2.500000000E-02,-5.49E+00
 8.789999804E-02, 5.000000000E-02,-1.43E-02, 2.500000000E-02, 0.000000000E+00, 0.000000000E+00, 2.500000000E-02,-5.70E+00
 8.804999803E-02, 5.000000000E-02,-1.39E-02, 2.500000000E-02, 0.000000000E+00, 0.000000000E+00, 2.500000000E-02,-5.90E+00
 8.819999803E-02, 5.000000000E-02,-1.35E-02, 2.500000000E-02, 0.000000000E+00, 0.000000000E+00, 2.500000000E-02,-6.09E+00
 8.834999803E-02, 5.000000000E-02,-1.31E-02, 2.500000000E-02, 0.000000000E+00, 0.000000000E+00, 2.500000000E-02,-6.28E+00
 8.849999802E-02, 5.000000000E-02,-1.28E-02, 2.500000000E-02, 0.000000000E+00, 0.000000000E+00, 2.500000000E-02,-6.46E+00
 8.864999802E-02, 5.000000000E-02,-1.24E-02, 2.500000000E-02, 0.000000000E+00, 0.000000000E+00, 2.500000000E-02,-6.64E+00
 8.879999802E-02, 5.000000000E-02,-1.20E-02, 2.500000000E-02, 0.000000000E+00, 0.000000000E+00, 2.500000000E-02,-6.80E+00
 8.894999801E-02, 5.000000000E-02,-1.17E-02, 2.500000000E-02, 0.000000000E+00, 0.000000000E+00, 2.500000000E-02,-6.96E+00
 8.909999801E-02, 5.000000000E-02,-1.13E-02, 2.500000000E-02, 0.000000000E+00, 0.000000000E+00, 2.500000000E-02,-7.10E+00
 8.924999801E-02, 5.000000000E-02,-1.10E-02, 2.500000000E-02, 0.000000000E+00, 0.000000000E+00, 2.500000000E-02,-7.24E+00
 8.939999800E-02, 5.000000000E-02,-1.07E-02, 2.500000000E-02, 0.000000000E+00, 0.000000000E+00, 2.500000000E-02,-7.37E+00
 8.954999800E-02, 5.000000000E-02,-1.04E-02, 2.500000000E-02, 0.000000000E+00, 0.000000000E+00, 2.500000000E-02,-7.49E+00
 8.969999800E-02, 5.000000000E-02,-1.01E-02, 2.500000000E-02, 0.000000000E+00, 0.000000000E+00, 2.500000000E-02,-7.60E+00
 8.984999799E-02, 5.000000000E-02,-9.86E-03, 2.500000000E-02, 0.000000000E+00, 0.000000000E+00, 2.500000000E-02,-7.70E+00
 8.999999799E-02, 5.000000000E-02,-9.62E-03, 2.500000000E-02, 0.000000000E+00, 0.000000000E+00, 2.500000000E-02,-7.79E+00
 9.014999798E-02, 5.000000000E-02,-9.39E-03, 2.500000000E-02, 0.000000000E+00, 0.000000000E+00, 2.500000000E-02,-7.88E+00
 9.029999798E-02, 5.000000000E-02,-9.19E-03, 2.500000000E-02, 0.000000000E+00, 0.000000000E+00, 2.500000000E-02,-7.96E+00
 9.044999798E-02, 5.000000000E-02,-9.00E-03, 2.500000000E-02, 0.000000000E+00, 0.000000000E+00, 2.500000000E-02,-8.02E+00
 9.059999797E-02, 5.000000000E-02,-8.83E-03, 2.500000000E-02, 0.000000000E+00, 0.000000000E+00, 2.500000000E-02,-8.08E+00
 9.074999797E-02, 5.000000000E-02,-8.68E-03, 2.500000000E-02, 0.000000000E+00, 0.000000000E+00, 2.500000000E-02,-8.14E+00
 9.089999797E-02, 5.000000000E-02,-8.55E-03, 2.500000000E-02, 0.000000000E+00, 0.000000000E+00, 2.500000000E-02,-8.18E+00
 9.104999796E-02, 5.000000000E-02,-8.44E-03, 2.500000000E-02, 0.000000000E+00, 0.000000000E+00, 2.500000000E-02,-8.22E+00
 9.119999796E-02, 5.000000000E-02,-8.35E-03, 2.500000000E-02, 0.000000000E+00, 0.000000000E+00, 2.500000000E-02,-8.25E+00
 9.134999796E-02, 5.000000000E-02,-8.29E-03, 2.500000000E-02, 0.000000000E+00, 0.000000000E+00, 2.500000000E-02,-8.28E+00
 9.149999795E-02, 5.000000000E-02,-8.24E-03, 2.500000000E-02, 0.000000000E+00, 0.000000000E+00, 2.500000000E-02,-8.29E+00
 9.164999795E-02, 5.000000000E-02,-8.21E-03, 2.500000000E-02, 0.000000000E+00, 0.000000000E+00, 2.500000000E-02,-8.30E+00
 9.179999795E-02, 5.000000000E-02,-8.20E-03, 2.500000000E-02, 0.000000000E+00, 0.000000000E+00, 2.500000000E-02,-8.31E+00
 9.194999794E-02, 5.000000000E-02,-8.21E-03, 2.500000000E-02, 0.000000000E+00, 0.000000000E+00, 2.500000000E-02,-8.30E+00
 9.209999794E-02, 5.000000000E-02,-8.24E-03, 2.500000000E-02, 0.000000000E+00, 0.000000000E+00, 2.500000000E-02,-8.29E+00
 9.224999794E-02, 5.000000000E-02,-8.29E-03, 2.500000000E-02, 0.000000000E+00, 0.000000000E+00, 2.500000000E-02,-8.28E+00
 9.239999793E-02, 5.000000000E-02,-8.35E-03, 2.500000000E-02, 0.000000000E+00, 0.000000000E+00, 2.500000000E-02,-8.25E+00
 9.254999793E-02, 5.000000000E-02,-8.44E-03, 2.500000000E-02, 0.000000000E+00, 0.000000000E+00, 2.500000000E-02,-8.22E+00
 9.269999793E-02, 5.000000000E-02,-8.55E-03, 2.500000000E-02, 0.000000000E+00, 0.000000000E+00, 2.500000000E-02,-8.18E+00
 9.284999792E-02, 5.000000000E-02,-8.68E-03, 2.500000000E-02, 0.000000000E+00, 0.000000000E+00, 2.500000000E-02,-8.14E+00
 9.299999792E-02, 5.000000000E-02,-8.83E-03, 2.500000000E-02, 0.000000000E+00, 0.000000000E+00, 2.500000000E-02,-8.09E+00
 9.314999792E-02, 5.000000000E-02,-9.00E-03, 2.500000000E-02, 0.000000000E+00, 0.000000000E+00, 2.500000000E-02,-8.02E+00
 9.329999791E-02, 5.000000000E-02,-9.19E-03, 2.500000000E-02, 0.000000000E+00, 0.000000000E+00, 2.500000000E-02,-7.96E+00
 9.344999791E-02, 5.000000000E-02,-9.39E-03, 2.500000000E-02, 0.000000000E+00, 0.000000000E+00, 2.500000000E-02,-7.88E+00
 9.359999791E-02, 5.000000000E-02,-9.62E-03, 2.500000000E-02, 0.000000000E+00, 0.000000000E+00, 2.500000000E-02,-7.80E+00
 9.374999790E-02, 5.000000000E-02,-9.86E-03, 2.500000000E-02, 0.000000000E+00, 0.000000000E+00, 2.500000000E-02,-7.70E+00
 9.389999790E-02, 5.000000000E-02,-1.01E-02, 2.500000000E-02, 0.000000000E+00, 0.000000000E+00, 2.500000000E-02,-7.60E+00
 9.404999790E-02, 5.000000000E-02,-1.04E-02, 2.500000000E-02, 0.000000000E+00, 0.000000000E+00, 2.500000000E-02,-7.49E+00
 9.419999789E-02, 5.000000000E-02,-1.07E-02, 2.500000000E-02, 0.000000000E+00, 0.000000000E+00, 2.500000000E-02,-7.37E+00
 9.434999789E-02, 5.000000000E-02,-1.10E-02, 2.500000000E-02, 0.000000000E+00, 0.000000000E+00, 2.500000000E-02,-7.24E+00
 9.449999789E-02, 5.000000000E-02,-1.13E-02, 2.500000000E-02, 0.000000000E+00, 0.000000000E+00, 2.500000000E-02,-7.11E+00
 9.464999788E-02, 5.000000000E-02,-1.17E-02, 2.500000000E-02, 0.000000000E+00, 0.000000000E+00, 2.500000000E-02,-6.96E+00
 9.479999788E-02, 5.000000000E-02,-1.20E-02, 2.500000000E-02, 0.000000000E+00, 0.000000000E+00, 2.500000000E-02,-6.81E+00
 9.494999788E-02, 5.000000000E-02,-1.24E-02, 2.500000000E-02, 0.000000000E+00, 0.000000000E+00, 2.500000000E-02,-6.64E+00
 9.509999787E-02, 5.000000000E-02,-1.28E-02, 2.500000000E-02, 0.000000000E+00, 0.000000000E+00, 2.500000000E-02,-6.47E+00
 9.524999787E-02, 5.000000000E-02,-1.31E-02, 2.500000000E-02, 0.000000000E+00, 0.000000000E+00, 2.500000000E-02,-6.29E+00
 9.539999787E-02, 5.000000000E-02,-1.35E-02, 2.500000000E-02, 0.000000000E+00, 0.000000000E+00, 2.500000000E-02,-6.10E+00
 9.554999786E-02, 5.000000000E-02,-1.39E-02, 2.500000000E-02, 0.000000000E+00, 0.000000000E+00, 2.500000000E-02,-5.91E+00
 9.569999786E-02, 5.000000000E-02,-1.43E-02, 2.500000000E-02, 0.000000000E+00, 0.000000000E+00, 2.500000000E-02,-5.71E+00
 9.584999786E-02, 5.000000000E-02,-1.47E-02, 2.500000000E-02, 0.000000000E+00, 0.000000000E+00, 2.500000000E-02,-5.50E+00
 9.599999785E-02, 5.000000000E-02,-1.51E-02, 2.500000000E-02, 0.000000000E+00, 0.000000000E+00, 2.500000000E-02,-5.29E+00
 9.614999785E-02, 5.000000000E-02,-1.54E-02, 2.500000000E-02, 0.000000000E+00, 0.000000000E+00, 2.500000000E-02,-5.07E+00
 9.629999785E-02, 5.000000000E-02,-1.58E-02, 2.500000000E-02, 0.000000000E+00, 0.000000000E+00, 2.500000000E-02,-4.85E+00
 9.644999784E-02, 5.000000000E-02,-1.62E-02, 2.500000000E-02, 0.000000000E+00, 0.000000000E+00, 2.500000000E-02,-4.63E+00
 9.659999784E-02, 5.000000000E-02,-1.65E-02, 2.500000000E-02, 0.000000000E+00, 0.000000000E+00, 2.500000000E-02,-4.41E+00
 9.674999784E-02, 5.000000000E-02,-1.68E-02, 2.500000000E-02, 0.000000000E+00, 0.000000000E+00, 2.500000000E-02,-4.20E+00
 9.689999783E-02, 5.000000000E-02,-1.72E-02, 2.500000000E-02, 0.000000000E+00, 0.000000000E+00, 2.500000000E-02,-3.99E+00
 9.704999783E-02, 5.000000000E-02,-1.75E-02, 2.500000000E-02, 0.000000000E+00, 0.000000000E+00, 2.500000000E-02,-3.78E+00
 9.719999783E-02, 5.000000000E-02,-1.77E-02, 2.500000000E-02, 0.000000000E+00, 0.000000000E+00, 2.500000000E-02,-3.59E+00
 9.734999782E-02, 5.000000000E-02,-1.80E-02, 2.500000000E-02, 0.000000000E+00, 0.000000000E+00, 2.500000000E-02,-3.41E+00
 9.749999782E-02, 5.000000000E-02,-1.82E-02, 2.500000000E-02, 0.000000000E+00, 0.000000000E+00, 2.500000000E-02,-3.24E+00
 9.764999782E-02, 5.000000000E-02,-1.84E-02, 2.500000000E-02, 0.000000000E+00, 0.000000000E+00, 2.500000000E-02,-3.09E+00
 9.779999781E-02, 5.000000000E-02,-1.86E-02, 2.500000000E-02, 0.000000000E+00, 0.000000000E+00, 2.500000000E-02,-2.96E+00
 9.794999781E-02, 5.000000000E-02,-1.87E-02, 2.500000000E-02, 0.000000000E+00, 0.000000000E+00, 2.500000000E-02,-2.86E+00
 9.809999781E-02, 5.000000000E-02,-1.88E-02, 2.500000000E-02, 0.000000000E+00, 0.000000000E+00, 2.500000000E-02,-2.77E+00
 9.824999780E-02, 5.000000000E-02,-1.89E-02, 2.500000000E-02, 0.000000000E+00, 0.000000000E+00, 2.500000000E-02,-2.71E+00
 9.839999780E-02, 5.000000000E-02,-1.89E-02, 2.500000000E-02, 0.000000000E+00, 0.000000000E+00, 2.500000000E-02,-2.68E+00
 9.854999780E-02, 5.000000000E-02,-1.89E-02, 2.500000000E-02, 0.000000000E+00, 0.000000000E+00, 2.500000000E-02,-2.68E+00
 9.869999779E-02, 5.000000000E-02,-1.89E-02, 2.500000000E-02, 0.000000000E+00, 0.000000000E+00, 2.500000000E-02,-2.70E+00
 9.884999779E-02, 5.000000000E-02,-1.88E-02, 2.500000000E-02, 0.000000000E+00, 0.000000000E+00, 2.500000000E-02,-2.75E+00
 9.899999779E-02, 5.000000000E-02,-1.87E-02, 2.500000000E-02, 0.000000000E+00, 0.000000000E+00, 2.500000000E-02,-2.83E+00
 9.914999778E-02, 5.000000000E-02,-1.86E-02, 2.500000000E-02, 0.000000000E+00, 0.000000000E+00, 2.500000000E-02,-2.93E+00
 9.929999778E-02, 5.000000000E-02,-1.84E-02, 2.500000000E-02, 0.000000000E+00, 0.000000000E+00, 2.500000000E-02,-3.05E+00
 9.944999778E-02, 5.000000000E-02,-1.83E-02, 2.500000000E-02, 0.000000000E+00, 0.000000000E+00, 2.500000000E-02,-3.20E+00
 9.959999777E-02, 5.000000000E-02,-1.80E-02, 2.500000000E-02, 0.000000000E+00, 0.000000000E+00, 2.500000000E-02,-3.36E+00
 9.974999777E-02, 5.000000000E-02,-1.78E-02, 2.500000000E-02, 0.000000000E+00, 0.000000000E+00, 2.500000000E-02,-3.53E+00
 9.989999777E-02, 5.000000000E-02,-1.75E-02, 2.500000000E-02, 0.000000000E+00, 0.000000000E+00, 2.500000000E-02,-3.72E+00
 1.000499978E-01, 5.000000000E-02,-1.72E-02, 2.500000000E-02, 0.000000000E+00, 0.000000000E+00, 2.500000000E-02,-3.92E+00
 1.001999978E-01, 5.000000000E-02,-1.69E-02, 2.500000000E-02, 0.000000000E+00, 0.000000000E+00, 2.500000000E-02,-4.13E+00
 1.003499978E-01, 5.000000000E-02,-1.66E-02, 2.500000000E-02, 0.000000000E+00, 0.000000000E+00, 2.500000000E-02,-4.35E+00
 1.004999978E-01, 5.000000000E-02,-1.63E-02, 2.500000000E-02, 0.000000000E+00, 0.000000000E+00, 2.500000000E-02,-4.56E+00
 1.006499978E-01, 5.000000000E-02,-1.59E-02, 2.500000000E-02, 0.000000000E+00, 0.000000000E+00, 2.500000000E-02,-4.78E+00
 1.007999977E-01, 5.000000000E-02,-1.56E-02, 2.500000000E-02, 0.000000000E+00, 0.000000000E+00, 2.500000000E-02,-5.00E+00
 1.009499977E-01, 5.000000000E-02,-1.52E-02, 2.500000000E-02, 0.000000000E+00, 0.000000000E+00, 2.500000000E-02,-5.21E+00
 1.010999977E-01, 5.000000000E-02,-1.48E-02, 2.500000000E-02, 0.000000000E+00, 0.000000000E+00, 2.500000000E-02,-5.43E+00
 1.012499977E-01, 5.000000000E-02,-1.44E-02, 2.500000000E-02, 0.000000000E+00, 0.000000000E+00, 2.500000000E-02,-5.64E+00
 1.013999977E-01, 5.000000000E-02,-1.40E-02, 2.500000000E-02, 0.000000000E+00, 0.000000000E+00, 2.500000000E-02,-5.84E+00
 1.015499977E-01, 5.000000000E-02,-1.36E-02, 2.500000000E-02, 0.000000000E+00, 0.000000000E+00, 2.500000000E-02,-6.03E+00
 1.016999977E-01, 5.000000000E-02,-1.33E-02, 2.500000000E-02, 0.000000000E+00, 0.000000000E+00, 2.500000000E-02,-6.22E+00
 1.018499977E-01, 5.000000000E-02,-1.29E-02, 2.500000000E-02, 0.000000000E+00, 0.000000000E+00, 2.500000000E-02,-6.40E+00
 1.019999977E-01, 5.000000000E-02,-1.25E-02, 2.500000000E-02, 0.000000000E+00, 0.000000000E+00, 2.500000000E-02,-6.58E+00
 1.021499977E-01, 5.000000000E-02,-1.21E-02, 2.500000000E-02, 0.000000000E+00, 0.000000000E+00, 2.500000000E-02,-6.74E+00
 1.022999977E-01, 5.000000000E-02,-1.18E-02, 2.500000000E-02, 0.000000000E+00, 0.000000000E+00, 2.500000000E-02,-6.90E+00
 1.024499977E-01, 5.000000000E-02,-1.15E-02, 2.500000000E-02, 0.000000000E+00, 0.000000000E+00, 2.500000000E-02,-7.05E+00
 1.025999977E-01, 5.000000000E-02,-1.11E-02, 2.500000000E-02, 0.000000000E+00, 0.000000000E+00, 2.500000000E-02,-7.19E+00
 1.027499977E-01, 5.000000000E-02,-1.08E-02, 2.500000000E-02, 0.000000000E+00, 0.000000000E+00, 2.500000000E-02,-7.32E+00
 1.028999977E-01, 5.000000000E-02,-1.05E-02, 2.500000000E-02, 0.000000000E+00, 0.000000000E+00, 2.500000000E-02,-7.44E+00
 1.030499977E-01, 5.000000000E-02,-1.02E-02, 2.500000000E-02, 0.000000000E+00, 0.000000000E+00, 2.500000000E-02,-7.55E+00
 1.031999977E-01, 5.000000000E-02,-9.96E-03, 2.500000000E-02, 0.000000000E+00, 0.000000000E+00, 2.500000000E-02,-7.65E+00
 1.033499977E-01, 5.000000000E-02,-9.72E-03, 2.500000000E-02, 0.000000000E+00, 0.000000000E+00, 2.500000000E-02,-7.75E+00
 1.034999977E-01, 5.000000000E-02,-9.48E-03, 2.500000000E-02, 0.000000000E+00, 0.000000000E+00, 2.500000000E-02,-7.83E+00
 1.036499977E-01, 5.000000000E-02,-9.27E-03, 2.500000000E-02, 0.000000000E+00, 0.000000000E+00, 2.500000000E-02,-7.91E+00
 1.037999977E-01, 5.000000000E-02,-9.08E-03, 2.500000000E-02, 0.000000000E+00, 0.000000000E+00, 2.500000000E-02,-7.98E+00
 1.039499977E-01, 5.000000000E-02,-8.90E-03, 2.500000000E-02, 0.000000000E+00, 0.000000000E+00, 2.500000000E-02,-8.04E+00
 1.040999977E-01, 5.000000000E-02,-8.75E-03, 2.500000000E-02, 0.000000000E+00, 0.000000000E+00, 2.500000000E-02,-8.10E+00
 1.042499977E-01, 5.000000000E-02,-8.61E-03, 2.500000000E-02, 0.000000000E+00, 0.000000000E+00, 2.500000000E-02,-8.15E+00
 1.043999977E-01, 5.000000000E-02,-8.50E-03, 2.500000000E-02, 0.000000000E+00, 0.000000000E+00, 2.500000000E-02,-8.19E+00
 1.045499977E-01, 5.000000000E-02,-8.40E-03, 2.500000000E-02, 0.000000000E+00, 0.000000000E+00, 2.500000000E-02,-8.22E+00
 1.046999977E-01, 5.000000000E-02,-8.32E-03, 2.500000000E-02, 0.000000000E+00, 0.000000000E+00, 2.500000000E-02,-8.25E+00
 1.048499977E-01, 5.000000000E-02,-8.26E-03, 2.500000000E-02, 0.000000000E+00, 0.000000000E+00, 2.500000000E-02,-8.27E+00
 1.049999977E-01, 5.000000000E-02,-8.22E-03, 2.500000000E-02, 0.000000000E+00, 0.000000000E+00, 2.500000000E-02,-8.28E+00
 1.051499976E-01, 5.000000000E-02,-8.20E-03, 2.500000000E-02, 0.000000000E+00, 0.000000000E+00, 2.500000000E-02,-8.29E+00
 1.052999976E-01, 5.000000000E-02,-8.20E-03, 2.500000000E-02, 0.000000000E+00, 0.000000000E+00, 2.500000000E-02,-8.29E+00
 1.054499976E-01, 5.000000000E-02,-8.22E-03, 2.500000000E-02, 0.000000000E+00, 0.000000000E+00, 2.500000000E-02,-8.28E+00
 1.055999976E-01, 5.000000000E-02,-8.26E-03, 2.500000000E-02, 0.000000000E+00, 0.000000000E+00, 2.500000000E-02,-8.27E+00
 1.057499976E-01, 5.000000000E-02,-8.32E-03, 2.500000000E-02, 0.000000000E+00, 0.000000000E+00, 2.500000000E-02,-8.25E+00
 1.058999976E-01, 5.000000000E-02,-8.40E-03, 2.500000000E-02, 0.000000000E+00, 0.000000000E+00, 2.500000000E-02,-8.23E+00
 1.060499976E-01, 5.000000000E-02,-8.49E-03, 2.500000000E-02, 0.000000000E+00, 0.000000000E+00, 2.500000000E-02,-8.20E+00
 1.061999976E-01, 5.000000000E-02,-8.61E-03, 2.500000000E-02, 0.000000000E+00, 0.000000000E+00, 2.500000000E-02,-8.16E+00
 1.063499976E-01, 5.000000000E-02,-8.74E-03, 2.500000000E-02, 0.000000000E+00, 0.000000000E+00, 2.500000000E-02,-8.11E+00
 1.064999976E-01, 5.000000000E-02,-8.90E-03, 2.500000000E-02, 0.000000000E+00, 0.000000000E+00, 2.500000000E-02,-8.06E+00
 1.066499976E-01, 5.000000000E-02,-9.07E-03, 2.500000000E-02, 0.000000000E+00, 0.000000000E+00, 2.500000000E-02,-7.99E+00
 1.067999976E-01, 5.000000000E-02,-9.27E-03, 2.500000000E-02, 0.000000000E+00, 0.000000000E+00, 2.500000000E-02,-7.93E+00
 1.069499976E-01, 5.000000000E-02,-9.48E-03, 2.500000000E-02, 0.000000000E+00, 0.000000000E+00, 2.500000000E-02,-7.85E+00
 1.070999976E-01, 5.000000000E-02,-9.71E-03, 2.500000000E-02, 0.000000000E+00, 0.000000000E+00, 2.500000000E-02,-7.76E+00
 1.072499976E-01, 5.000000000E-02,-9.96E-03, 2.500000000E-02, 0.000000000E+00, 0.000000000E+00, 2.500000000E-02,-7.67E+00
 1.073999976E-01, 5.000000000E-02,-1.02E-02, 2.500000000E-02, 0.000000000E+00, 0.000000000E+00, 2.500000000E-02,-7.57E+00
 1.075499976E-01, 5.000000000E-02,-1.05E-02, 2.500000000E-02, 0.000000000E+00, 0.000000000E+00, 2.500000000E-02,-7.45E+00
 1.076999976E-01, 5.000000000E-02,-1.08E-02, 2.500000000E-02, 0.000000000E+00, 0.000000000E+00, 2.500000000E-02,-7.33E+00
 1.078499976E-01, 5.000000000E-02,-1.11E-02, 2.500000000E-02, 0.000000000E+00, 0.000000000E+00, 2.500000000E-02,-7.20E+00
 1.079999976E-01, 5.000000000E-02,-1.15E-02, 2.500000000E-02, 0.000000000E+00, 0.000000000E+00, 2.500000000E-02,-7.07E+00
 1.081499976E-01, 5.000000000E-02,-1.18E-02, 2.500000000E-02, 0.000000000E+00, 0.000000000E+00, 2.500000000E-02,-6.92E+00
 1.082999976E-01, 5.000000000E-02,-1.22E-02, 2.500000000E-02, 0.000000000E+00, 0.000000000E+00, 2.500000000E-02,-6.76E+00
 1.084499976E-01, 5.000000000E-02,-1.25E-02, 2.500000000E-02, 0.000000000E+00, 0.000000000E+00, 2.500000000E-02,-6.60E+00
 1.085999976E-01, 5.000000000E-02,-1.29E-02, 2.500000000E-02, 0.000000000E+00, 0.000000000E+00, 2.500000000E-02,-6.42E+00
 1.087499976E-01, 5.000000000E-02,-1.33E-02, 2.500000000E-02, 0.000000000E+00, 0.000000000E+00, 2.500000000E-02,-6.24E+00
 1.088999976E-01, 5.000000000E-02,-1.37E-02, 2.500000000E-02, 0.000000000E+00, 0.000000000E+00, 2.500000000E-02,-6.05E+00
 1.090499976E-01, 5.000000000E-02,-1.41E-02, 2.500000000E-02, 0.000000000E+00, 0.000000000E+00, 2.500000000E-02,-5.85E+00
 1.091999976E-01, 5.000000000E-02,-1.44E-02, 2.500000000E-02, 0.000000000E+00, 0.000000000E+00, 2.500000000E-02,-5.65E+00
 1.093499976E-01, 5.000000000E-02,-1.48E-02, 2.500000000E-02, 0.000000000E+00, 0.000000000E+00, 2.500000000E-02,-5.44E+00
 1.094999976E-01, 5.000000000E-02,-1.52E-02, 2.500000000E-02, 0.000000000E+00, 0.000000000E+00, 2.500000000E-02,-5.22E+00
 1.096499975E-01, 5.000000000E-02,-1.56E-02, 2.500000000E-02, 0.000000000E+00, 0.000000000E+00, 2.500000000E-02,-5.01E+00
 1.097999975E-01, 5.000000000E-02,-1.60E-02, 2.500000000E-02, 0.000000000E+00, 0.000000000E+00, 2.500000000E-02,-4.79E+00
 1.099499975E-01, 5.000000000E-02,-1.63E-02, 2.500000000E-02, 0.000000000E+00, 0.000000000E+00, 2.500000000E-02,-4.57E+00
 1.100999975E-01, 5.000000000E-02,-1.67E-02, 2.500000000E-02, 0.000000000E+00, 0.000000000E+00, 2.500000000E-02,-4.35E+00
 1.102499975E-01, 5.000000000E-02,-1.70E-02, 2.500000000E-02, 0.000000000E+00, 0.000000000E+00, 2.500000000E-02,-4.13E+00
 1.103999975E-01, 5.000000000E-02,-1.73E-02, 2.500000000E-02, 0.000000000E+00, 0.000000000E+00, 2.500000000E-02,-3.92E+00
 1.105499975E-01, 5.000000000E-02,-1.76E-02, 2.500000000E-02, 0.000000000E+00, 0.000000000E+00, 2.500000000E-02,-3.72E+00
 1.106999975E-01, 5.000000000E-02,-1.79E-02, 2.500000000E-02, 0.000000000E+00, 0.000000000E+00, 2.500000000E-02,-3.53E+00
 1.108499975E-01, 5.000000000E-02,-1.81E-02, 2.500000000E-02, 0.000000000E+00, 0.000000000E+00, 2.500000000E-02,-3.35E+00
 1.109999975E-01, 5.000000000E-02,-1.83E-02, 2.500000000E-02, 0.000000000E+00, 0.000000000E+00, 2.500000000E-02,-3.19E+00
 1.111499975E-01, 5.000000000E-02,-1.85E-02, 2.500000000E-02, 0.000000000E+00, 0.000000000E+00, 2.500000000E-02,-3.04E+00
 1.112999975E-01, 5.000000000E-02,-1.87E-02, 2.500000000E-02, 0.000000000E+00, 0.000000000E+00, 2.500000000E-02,-2.92E+00
 1.114499975E-01, 5.000000000E-02,-1.88E-02, 2.500000000E-02, 0.000000000E+00, 0.000000000E+00, 2.500000000E-02,-2.82E+00
 1.115999975E-01, 5.000000000E-02,-1.89E-02, 2.500000000E-02, 0.000000000E+00, 0.000000000E+00, 2.500000000E-02,-2.75E+00
 1.117499975E-01, 5.000000000E-02,-1.89E-02, 2.500000000E-02, 0.000000000E+00, 0.000000000E+00, 2.500000000E-02,-2.70E+00
 1.118999975E-01, 5.000000000E-02,-1.90E-02, 2.500000000E-02, 0.000000000E+00, 0.000000000E+00, 2.500000000E-02,-2.68E+00
 1.120499975E-01, 5.000000000E-02,-1.90E-02, 2.500000000E-02, 0.000000000E+00, 0.000000000E+00, 2.500000000E-02,-2.69E+00
 1.121999975E-01, 5.000000000E-02,-1.89E-02, 2.500000000E-02, 0.000000000E+00, 0.000000000E+00, 2.500000000E-02,-2.73E+00
 1.123499975E-01, 5.000000000E-02,-1.88E-02, 2.500000000E-02, 0.000000000E+00, 0.000000000E+00, 2.500000000E-02,-2.80E+00
 1.124999975E-01, 5.000000000E-02,-1.87E-02, 2.500000000E-02, 0.000000000E+00, 0.000000000E+00, 2.500000000E-02,-2.89E+00
 1.126499975E-01, 5.000000000E-02,-1.86E-02, 2.500000000E-02, 0.000000000E+00, 0.000000000E+00, 2.500000000E-02,-3.01E+00
 1.127999975E-01, 5.000000000E-02,-1.84E-02, 2.500000000E-02, 0.000000000E+00, 0.000000000E+00, 2.500000000E-02,-3.15E+00
 1.129499975E-01, 5.000000000E-02,-1.82E-02, 2.500000000E-02, 0.000000000E+00, 0.000000000E+00, 2.500000000E-02,-3.32E+00
 1.130999975E-01, 5.000000000E-02,-1.80E-02, 2.500000000E-02, 0.000000000E+00, 0.000000000E+00, 2.500000000E-02,-3.50E+00
 1.132499975E-01, 5.000000000E-02,-1.77E-02, 2.500000000E-02, 0.000000000E+00, 0.000000000E+00, 2.500000000E-02,-3.70E+00
 1.133999975E-01, 5.000000000E-02,-1.75E-02, 2.500000000E-02, 0.000000000E+00, 0.000000000E+00, 2.500000000E-02,-3.91E+00
 1.135499975E-01, 5.000000000E-02,-1.72E-02, 2.500000000E-02, 0.000000000E+00, 0.000000000E+00, 2.500000000E-02,-4.13E+00
 1.136999975E-01, 5.000000000E-02,-1.68E-02, 2.500000000E-02, 0.000000000E+00, 0.000000000E+00, 2.500000000E-02,-4.36E+00
 1.138499975E-01, 5.000000000E-02,-1.65E-02, 2.500000000E-02, 0.000000000E+00, 0.000000000E+00, 2.500000000E-02,-4.60E+00
 1.139999975E-01, 5.000000000E-02,-1.62E-02, 2.500000000E-02, 0.000000000E+00, 0.000000000E+00, 2.500000000E-02,-4.85E+00
 1.141499974E-01, 5.000000000E-02,-1.58E-02, 2.500000000E-02, 0.000000000E+00, 0.000000000E+00, 2.500000000E-02,-5.10E+00
 1.142999974E-01, 5.000000000E-02,-1.54E-02, 2.500000000E-02, 0.000000000E+00, 0.000000000E+00, 2.500000000E-02,-5.35E+00
 1.144499974E-01, 5.000000000E-02,-1.50E-02, 2.500000000E-02, 0.000000000E+00, 0.000000000E+00, 2.500000000E-02,-5.60E+00
 1.145999974E-01, 5.000000000E-02,-1.46E-02, 2.500000000E-02, 0.000000000E+00, 0.000000000E+00, 2.500000000E-02,-5.85E+00
 1.147499974E-01, 5.000000000E-02,-1.42E-02, 2.500000000E-02, 0.000000000E+00, 0.000000000E+00, 2.500000000E-02,-6.10E+00
 1.148999974E-01, 5.000000000E-02,-1.37E-02, 2.500000000E-02, 0.000000000E+00, 0.000000000E+00, 2.500000000E-02,-6.35E+00
 1.150499974E-01, 5.000000000E-02,-1.33E-02, 2.500000000E-02, 0.000000000E+00, 0.000000000E+00, 2.500000000E-02,-6.60E+00
 1.151999974E-01, 5.000000000E-02,-1.29E-02, 2.500000000E-02, 0.000000000E+00, 0.000000000E+00, 2.500000000E-02,-6.84E+00
 1.153499974E-01, 5.000000000E-02,-1.25E-02, 2.500000000E-02, 0.000000000E+00, 0.000000000E+00, 2.500000000E-02,-7.09E+00
 1.154999974E-01, 5.000000000E-02,-1.20E-02, 2.500000000E-02, 0.000000000E+00, 0.000000000E+00, 2.500000000E-02,-7.33E+00
 1.156499974E-01, 5.000000000E-02,-1.16E-02, 2.500000000E-02, 0.000000000E+00, 0.000000000E+00, 2.500000000E-02,-7.57E+00
 1.157999974E-01, 5.000000000E-02,-1.11E-02, 2.500000000E-02, 0.000000000E+00, 0.000000000E+00, 2.500000000E-02,-7.81E+00
 1.159499974E-01, 5.000000000E-02,-1.07E-02, 2.500000000E-02, 0.000000000E+00, 0.000000000E+00, 2.500000000E-02,-8.05E+00
 1.160999974E-01, 5.000000000E-02,-1.03E-02, 2.500000000E-02, 0.000000000E+00, 0.000000000E+00, 2.500000000E-02,-8.30E+00
 1.162499974E-01, 5.000000000E-02,-9.86E-03, 2.500000000E-02, 0.000000000E+00, 0.000000000E+00, 2.500000000E-02,-8.54E+00
 1.163999974E-01, 5.000000000E-02,-9.44E-03, 2.500000000E-02, 0.000000000E+00, 0.000000000E+00, 2.500000000E-02,-8.79E+00
 1.165499974E-01, 5.000000000E-02,-9.02E-03, 2.500000000E-02, 0.000000000E+00, 0.000000000E+00, 2.500000000E-02,-9.04E+00
 1.166999974E-01, 5.000000000E-02,-8.61E-03, 2.500000000E-02, 0.000000000E+00, 0.000000000E+00, 2.500000000E-02,-9.30E+00
 1.168499974E-01, 5.000000000E-02,-8.21E-03, 2.500000000E-02, 0.000000000E+00, 0.000000000E+00, 2.500000000E-02,-9.57E+00
 1.169999974E-01, 5.000000000E-02,-7.81E-03, 2.500000000E-02, 0.000000000E+00, 0.000000000E+00, 2.500000000E-02,-9.85E+00
 1.171499974E-01, 5.000000000E-02,-7.42E-03, 2.500000000E-02, 0.000000000E+00, 0.000000000E+00, 2.500000000E-02,-1.01E+01
 1.172999974E-01, 5.000000000E-02,-7.03E-03, 2.500000000E-02, 0.000000000E+00, 0.000000000E+00, 2.500000000E-02,-1.05E+01
 1.174499974E-01, 5.000000000E-02,-6.65E-03, 2.500000000E-02, 0.000000000E+00, 0.000000000E+00, 2.500000000E-02,-1.08E+01
 1.175999974E-01, 5.000000000E-02,-6.27E-03, 2.500000000E-02, 0.000000000E+00, 0.000000000E+00, 2.500000000E-02,-1.12E+01
 1.177499974E-01, 5.000000000E-02,-5.90E-03, 2.500000000E-02, 0.000000000E+00, 0.000000000E+00, 2.500000000E-02,-1.16E+01
 1.178999974E-01, 5.000000000E-02,-5.53E-03, 2.500000000E-02, 0.000000000E+00, 0.000000000E+00, 2.500000000E-02,-1.20E+01
 1.180499974E-01, 5.000000000E-02,-5.17E-03, 2.500000000E-02, 0.000000000E+00, 0.000000000E+00, 2.500000000E-02,-1.25E+01
 1.181999974E-01, 5.000000000E-02,-4.81E-03, 2.500000000E-02, 0.000000000E+00, 0.000000000E+00, 2.500000000E-02,-1.31E+01
 1.183499974E-01, 5.000000000E-02,-4.45E-03, 2.500000000E-02, 0.000000000E+00, 0.000000000E+00, 2.500000000E-02,-1.38E+01
 1.184999974E-01, 5.000000000E-02,-4.09E-03, 2.500000000E-02, 0.000000000E+00, 0.000000000E+00, 2.500000000E-02,-1.47E+01
 1.186499973E-01, 5.000000000E-02,-3.73E-03, 2.500000000E-02, 0.000000000E+00, 0.000000000E+00, 2.500000000E-02,-1.57E+01
 1.187999973E-01, 5.000000000E-02,-3.37E-03, 2.500000000E-02, 0.000000000E+00, 0.000000000E+00, 2.500000000E-02,-1.70E+01
 1.189499973E-01, 5.000000000E-02,-3.00E-03, 2.500000000E-02, 0.000000000E+00, 0.000000000E+00, 2.500000000E-02,-1.87E+01
 1.190999973E-01, 5.000000000E-02,-2.63E-03, 2.500000000E-02, 0.000000000E+00, 0.000000000E+00, 2.500000000E-02,-2.10E+01
 1.192499973E-01, 5.000000000E-02,-2.24E-03, 2.500000000E-02, 0.000000000E+00, 0.000000000E+00, 2.500000000E-02,-2.44E+01
 1.193999973E-01, 5.000000000E-02,-1.85E-03, 2.500000000E-02, 0.000000000E+00, 0.000000000E+00, 2.500000000E-02,-2.97E+01
 1.195499973E-01, 5.000000000E-02,-1.44E-03, 2.500000000E-02, 0.000000000E+00, 0.000000000E+00, 2.500000000E-02,-3.88E+01
 1.196999973E-01, 5.000000000E-02,-1.00E-03, 2.500000000E-02, 0.000000000E+00, 0.000000000E+00, 2.500000000E-02,-5.69E+01
 1.198499973E-01, 5.000000000E-02,-5.31E-04, 2.500000009E-02, 0.000000000E+00, 0.000000000E+00, 2.500000009E-02,-1.02E+02
 1.199999973E-01, 5.000000075E-02,-5.74E-05, 1.166733652E-02, 0.000000000E+00, 0.000000000E+00, 1.166733652E-02,-1.34E+02
