x,y,p,tv,av,rv,sv
 1.000000045E-03, 5.050000074E-02, 9.594063328E-04, 1.599511475E-02, 2.737202174E-04,-9.58E-05, 1.599238840E-02
 3.313725596E-03, 5.050000229E-02,-3.86E-03, 2.043641665E-02, 8.942415219E-04,-4.94E-05, 2.041638000E-02
 5.627451003E-03, 5.050000243E-02,-9.88E-03, 2.244880482E-02, 9.108525153E-04, 6.300337373E-05, 2.242988379E-02
 7.941175951E-03, 5.050000365E-02,-1.25E-02, 2.363914266E-02,-9.09E-05, 1.561870136E-04, 2.363836456E-02
 1.025490155E-02, 5.050000243E-02,-9.08E-03, 2.227359562E-02,-8.80E-04, 1.935081933E-05, 2.225590661E-02
 1.256862760E-02, 5.050000318E-02,-4.18E-03, 2.098839744E-02,-5.10E-04,-9.03E-05, 2.098184117E-02
 1.488235299E-02, 5.050000149E-02,-3.40E-03, 2.083010201E-02, 2.864208305E-04,-9.94E-05, 2.082780806E-02
 1.719607741E-02, 5.050000111E-02,-7.46E-03, 2.180024281E-02, 8.629312123E-04,-2.54E-05, 2.178283113E-02
 1.950980142E-02, 5.050000238E-02,-1.20E-02, 2.342092497E-02, 4.402686824E-04, 1.299051338E-04, 2.341630046E-02
 2.182352945E-02, 5.050000243E-02,-1.12E-02, 2.308208445E-02,-6.59E-04, 9.616186576E-05, 2.307226922E-02
 2.413725348E-02, 5.050000139E-02,-6.20E-03, 2.147125389E-02,-7.82E-04,-5.45E-05, 2.145667102E-02
 2.645098106E-02, 5.050000375E-02,-3.13E-03, 2.078285545E-02,-9.59E-05,-1.01E-04, 2.078232771E-02
 2.876470589E-02, 5.050000168E-02,-5.08E-03, 2.120307678E-02, 6.576602419E-04,-7.54E-05, 2.119251917E-02
 3.107843071E-02, 5.050000092E-02,-1.02E-02, 2.267604779E-02, 8.073135291E-04, 5.623905962E-05, 2.266134617E-02
 3.339215696E-02, 5.050000243E-02,-1.25E-02, 2.362603329E-02,-1.64E-04, 1.491521995E-04, 2.362488432E-02
 3.570588120E-02, 5.050000090E-02,-8.85E-03, 2.221261267E-02,-8.76E-04, 1.110623624E-05, 2.219501492E-02
 3.801960587E-02, 5.050000243E-02,-4.10E-03, 2.099504406E-02,-4.80E-04,-8.91E-05, 2.098921467E-02
 4.033333209E-02, 5.050000139E-02,-3.46E-03, 2.086141309E-02, 2.950821049E-04,-9.65E-05, 2.085901999E-02
 4.264706064E-02, 5.050000224E-02,-7.49E-03, 2.181035692E-02, 8.605393447E-04,-2.60E-05, 2.179304829E-02
 4.496078386E-02, 5.050000168E-02,-1.20E-02, 2.341531691E-02, 4.529204938E-04, 1.273899629E-04, 2.341044949E-02
 4.727451367E-02, 5.050000422E-02,-1.14E-02, 2.312507115E-02,-6.43E-04, 9.808042456E-05, 2.311572469E-02
 4.958823792E-02, 5.050000243E-02,-6.41E-03, 2.153461947E-02,-7.92E-04,-5.03E-05, 2.151972362E-02
 5.190196248E-02, 5.050000169E-02,-3.20E-03, 2.082343231E-02,-1.41E-04,-9.69E-05, 2.082268104E-02
 5.421568484E-02, 5.050000243E-02,-4.75E-03, 2.114680288E-02, 5.990604317E-04,-7.91E-05, 2.113797144E-02
 5.652941274E-02, 5.050000187E-02,-9.77E-03, 2.250401680E-02, 8.463881825E-04, 3.724283388E-05, 2.248778574E-02
 5.884313569E-02, 5.050000262E-02,-1.26E-02, 2.366881218E-02,-2.19E-05, 1.507840437E-04, 2.366822338E-02
 6.115686080E-02, 5.050000243E-02,-9.60E-03, 2.245043970E-02,-8.52E-04, 3.084277652E-05, 2.243395886E-02
 6.347058478E-02, 5.050000177E-02,-4.67E-03, 2.114213919E-02,-5.77E-04,-7.93E-05, 2.113394039E-02
 6.578431353E-02, 5.050000243E-02,-3.23E-03, 2.084911434E-02, 1.482750604E-04,-9.40E-05, 2.084831671E-02
 6.809803980E-02, 5.050000196E-02,-6.40E-03, 2.153750255E-02, 7.868682173E-04,-5.10E-05, 2.152278572E-02
 7.041176426E-02, 5.050000243E-02,-1.14E-02, 2.310056389E-02, 6.621913543E-04, 9.338909626E-05, 2.309068419E-02
 7.272548543E-02, 5.050000064E-02,-1.22E-02, 2.347031524E-02,-4.16E-04, 1.291003210E-04, 2.346614183E-02
 7.503921285E-02, 5.050000186E-02,-7.85E-03, 2.192263483E-02,-8.61E-04,-1.96E-05, 2.190540187E-02
 7.735294264E-02, 5.050000224E-02,-3.73E-03, 2.096459558E-02,-3.55E-04,-8.78E-05, 2.096130782E-02
 7.966666987E-02, 5.050000393E-02,-3.76E-03, 2.097145409E-02, 3.664720828E-04,-8.75E-05, 2.096797171E-02
 8.198039040E-02, 5.050000243E-02,-7.93E-03, 2.194212832E-02, 8.647325676E-04,-1.80E-05, 2.192476628E-02
 8.429412260E-02, 5.050000321E-02,-1.23E-02, 2.348405066E-02, 4.094059459E-04, 1.295129229E-04, 2.348001113E-02
 8.660784533E-02, 5.050000243E-02,-1.14E-02, 2.310814375E-02,-6.61E-04, 9.159399322E-05, 2.309831448E-02
 8.892157072E-02, 5.050000337E-02,-6.50E-03, 2.157944400E-02,-7.82E-04,-4.95E-05, 2.156495058E-02
 9.123529251E-02, 5.050000130E-02,-3.33E-03, 2.090600968E-02,-1.73E-04,-8.84E-05, 2.090505151E-02
 9.354902120E-02, 5.050000092E-02,-4.46E-03, 2.112616458E-02, 5.210310615E-04,-7.95E-05, 2.111943031E-02
 9.586275160E-02, 5.050000088E-02,-9.16E-03, 2.230195696E-02, 8.678357836E-04, 1.347383091E-05, 2.228476535E-02
 9.817647147E-02, 5.050000243E-02,-1.27E-02, 2.365611598E-02, 1.634293020E-04, 1.453935322E-04, 2.365499852E-02
 1.004901960E-01, 5.050000281E-02,-1.05E-02, 2.276281404E-02,-7.90E-04, 5.682979014E-05, 2.274879135E-02
 1.028039212E-01, 5.050000224E-02,-5.54E-03, 2.136211063E-02,-6.83E-04,-6.53E-05, 2.135086577E-02
 1.051176462E-01, 5.050000055E-02,-3.20E-03, 2.088974756E-02,-3.21E-05,-8.77E-05, 2.088950029E-02
 1.074313727E-01, 5.050000186E-02,-5.16E-03, 2.126957680E-02, 6.373698463E-04,-7.15E-05, 2.125969583E-02
 1.097450943E-01, 5.050000092E-02,-1.01E-02, 2.260566034E-02, 8.327722781E-04, 4.277619981E-05, 2.259000358E-02
 1.120588290E-01, 5.050000252E-02,-1.28E-02, 2.368052948E-02,-6.98E-05, 1.528541667E-04, 2.367985067E-02
 1.143725525E-01, 5.050000243E-02,-9.58E-03, 2.231643280E-02,-9.46E-04, 4.525902089E-05, 2.229595036E-02
 1.166862732E-01, 5.050000111E-02,-3.68E-03, 2.044218426E-02,-8.58E-04,-4.91E-05, 2.042372606E-02
 1.190000039E-01, 5.050000092E-02, 9.865728264E-04, 1.602883458E-02,-2.69E-04,-9.24E-05, 1.602622691E-02
 1.000000095E-03, 5.100000058E-02, 2.481793059E-03, 9.816106141E-03, 2.564107853E-04,-3.00E-04, 9.807910531E-03
 3.313725474E-03, 5.099999820E-02,-7.00E-04, 1.628153821E-02, 1.197201160E-03,-1.69E-04, 1.623642713E-02
 5.627451003E-03, 5.099999982E-02,-5.46E-03, 2.008090133E-02, 1.286678777E-03, 1.927913361E-04, 2.003856589E-02
 7.941175862E-03, 5.100000048E-02,-7.23E-03, 2.237994111E-02,-1.28E-04, 4.921588965E-04, 2.237396201E-02
 1.025490156E-02, 5.099999982E-02,-4.82E-03, 1.970862380E-02,-1.23E-03, 5.606665952E-05, 1.967003768E-02
 1.256862746E-02, 5.100000001E-02,-7.39E-04, 1.719032540E-02,-7.00E-04,-2.80E-04, 1.717363349E-02
 1.488235302E-02, 5.099999830E-02,-6.52E-05, 1.687516553E-02, 3.912751014E-04,-3.07E-04, 1.686767944E-02
 1.719607799E-02, 5.100000020E-02,-3.51E-03, 1.878460961E-02, 1.197461830E-03,-8.29E-05, 1.874612609E-02
 1.950980376E-02, 5.100000134E-02,-6.92E-03, 2.194673650E-02, 6.230649599E-04, 4.070502863E-04, 2.193395310E-02
 2.182352945E-02, 5.099999982E-02,-6.41E-03, 2.128318236E-02,-9.30E-04, 2.991769875E-04, 2.126059349E-02
 2.413725416E-02, 5.100000020E-02,-2.46E-03, 1.813935265E-02,-1.08E-03,-1.72E-04, 1.810624712E-02
 2.645097998E-02, 5.099999906E-02, 1.842134562E-04, 1.677839124E-02,-1.31E-04,-3.13E-04, 1.677479712E-02
 2.876470632E-02, 5.099999982E-02,-1.51E-03, 1.761180565E-02, 9.051331457E-04,-2.35E-04, 1.758682870E-02
 3.107843176E-02, 5.100000001E-02,-5.68E-03, 2.049095265E-02, 1.134135463E-03, 1.723251865E-04, 2.045871630E-02
 3.339215696E-02, 5.099999982E-02,-7.21E-03, 2.234896932E-02,-2.33E-04, 4.689055809E-04, 2.234260458E-02
 3.570588231E-02, 5.099999987E-02,-4.63E-03, 1.958705519E-02,-1.22E-03, 3.061695384E-05, 1.954863343E-02
 3.801960760E-02, 5.099999982E-02,-6.60E-04, 1.719799696E-02,-6.59E-04,-2.76E-04, 1.718297709E-02
 4.033333363E-02, 5.100000020E-02,-1.02E-04, 1.693229929E-02, 4.046983477E-04,-2.99E-04, 1.692469478E-02
 4.264706175E-02, 5.100000096E-02,-3.53E-03, 1.880209294E-02, 1.196191918E-03,-8.43E-05, 1.876372013E-02
 4.496078587E-02, 5.100000134E-02,-6.96E-03, 2.193473217E-02, 6.415705499E-04, 3.993602216E-04, 2.192152455E-02
 4.727451058E-02, 5.099999830E-02,-6.52E-03, 2.136577170E-02,-9.09E-04, 3.057218637E-04, 2.134408359E-02
 4.958823946E-02, 5.099999982E-02,-2.63E-03, 1.825993449E-02,-1.10E-03,-1.59E-04, 1.822614222E-02
 5.190196480E-02, 5.100000135E-02, 1.415659066E-04, 1.685265350E-02,-1.94E-04,-3.00E-04, 1.684875249E-02
 5.421568484E-02, 5.099999982E-02,-1.22E-03, 1.749572253E-02, 8.261536054E-04,-2.46E-04, 1.747433157E-02
 5.652941169E-02, 5.099999830E-02,-5.34E-03, 2.015385486E-02, 1.188606362E-03, 1.127470958E-04, 2.011837233E-02
 5.884313283E-02, 5.099999982E-02,-7.33E-03, 2.243182678E-02,-3.12E-05, 4.746172679E-04, 2.242655662E-02
 6.115685836E-02, 5.099999868E-02,-5.21E-03, 2.004797253E-02,-1.20E-03, 9.284574897E-05, 2.001192761E-02
 6.347058490E-02, 5.099999925E-02,-1.13E-03, 1.748283080E-02,-7.97E-04,-2.47E-04, 1.746280138E-02
 6.578431353E-02, 5.099999982E-02, 1.231436025E-04, 1.689926796E-02, 2.042292667E-04,-2.91E-04, 1.689538120E-02
 6.809803980E-02, 5.099999934E-02,-2.62E-03, 1.826308146E-02, 1.092604432E-03,-1.61E-04, 1.822955637E-02
 7.041176374E-02, 5.099999944E-02,-6.53E-03, 2.131671907E-02, 9.368468754E-04, 2.911748107E-04, 2.129398532E-02
 7.272548692E-02, 5.099999906E-02,-7.10E-03, 2.204040755E-02,-5.91E-04, 4.054517879E-04, 2.202856965E-02
 7.503921649E-02, 5.100000172E-02,-3.82E-03, 1.901563137E-02,-1.20E-03,-6.42E-05, 1.897735949E-02
 7.735294351E-02, 5.100000020E-02,-2.99E-04, 1.712531565E-02,-4.90E-04,-2.73E-04, 1.711598622E-02
 7.966666637E-02, 5.099999963E-02,-3.31E-04, 1.713901310E-02, 5.064922695E-04,-2.72E-04, 1.712925015E-02
 8.198039040E-02, 5.099999982E-02,-3.89E-03, 1.905382857E-02, 1.208513880E-03,-5.93E-05, 1.901528187E-02
 8.429412130E-02, 5.099999982E-02,-7.15E-03, 2.206700131E-02, 5.815990143E-04, 4.069533027E-04, 2.205543016E-02
 8.660784532E-02, 5.099999982E-02,-6.56E-03, 2.132966725E-02,-9.36E-04, 2.858223609E-04, 2.130705484E-02
 8.892156807E-02, 5.099999925E-02,-2.69E-03, 1.834015714E-02,-1.09E-03,-1.56E-04, 1.830705059E-02
 9.123529495E-02, 5.099999906E-02, 6.220971615E-05, 1.700368625E-02,-2.40E-04,-2.75E-04, 1.699965186E-02
 9.354902006E-02, 5.099999906E-02,-9.32E-04, 1.744354604E-02, 7.224313499E-04,-2.48E-04, 1.742669184E-02
 9.586274773E-02, 5.099999982E-02,-4.88E-03, 1.975528917E-02, 1.219263373E-03, 3.893904337E-05, 1.971750948E-02
 9.817647146E-02, 5.099999982E-02,-7.40E-03, 2.240462112E-02, 2.325441809E-04, 4.579957123E-04, 2.239850516E-02
 1.004901931E-01, 5.099999877E-02,-5.93E-03, 2.065422171E-02,-1.12E-03, 1.754828834E-04, 2.062322963E-02
 1.028039224E-01, 5.100000020E-02,-1.87E-03, 1.791006298E-02,-9.49E-04,-2.04E-04, 1.788359156E-02
 1.051176537E-01, 5.100000153E-02, 1.800162584E-04, 1.696934232E-02,-4.39E-05,-2.73E-04, 1.696697449E-02
 1.074313747E-01, 5.100000020E-02,-1.54E-03, 1.772815255E-02, 8.864843001E-04,-2.23E-04, 1.770444528E-02
 1.097451023E-01, 5.099999982E-02,-5.64E-03, 2.034856314E-02, 1.175443837E-03, 1.310476399E-04, 2.031406467E-02
 1.120588286E-01, 5.099999972E-02,-7.48E-03, 2.245807791E-02,-1.01E-04, 4.831147808E-04, 2.245245872E-02
 1.143725489E-01, 5.099999982E-02,-5.26E-03, 1.981994237E-02,-1.34E-03, 1.368641354E-04, 1.977404190E-02
 1.166862819E-01, 5.099999934E-02,-5.11E-04, 1.627899107E-02,-1.15E-03,-1.68E-04, 1.623735771E-02
 1.190000007E-01, 5.099999906E-02, 2.524637243E-03, 9.870814622E-03,-2.47E-04,-2.89E-04, 9.863237404E-03
 1.000000057E-03, 5.199999993E-02, 3.867937532E-03, 4.324439669E-03, 9.543985120E-05,-6.24E-04, 4.277680638E-03
 3.313725623E-03, 5.200000109E-02, 2.528155793E-03, 1.064785243E-02, 7.644130487E-04,-4.69E-04, 1.060980130E-02
 5.627451003E-03, 5.200000109E-02, 3.336519443E-04, 1.654434140E-02, 9.531902370E-04, 4.431834391E-04, 1.651069167E-02
 7.941175847E-03, 5.200000167E-02, 3.649114079E-04, 2.018493561E-02,-1.00E-04, 1.207884887E-03, 2.014836676E-02
 1.025490156E-02, 5.200000109E-02, 7.664469853E-04, 1.572890972E-02,-9.05E-04, 1.139310812E-04, 1.570222618E-02
 1.256862640E-02, 5.199999993E-02, 3.100843771E-03, 1.128951386E-02,-4.82E-04,-6.67E-04, 1.125930106E-02
 1.488235371E-02, 5.200000264E-02, 3.544004198E-03, 1.069075456E-02, 2.636204323E-04,-7.24E-04, 1.066279091E-02
 1.719607786E-02, 5.200000109E-02, 1.430274842E-03, 1.413283934E-02, 8.608139542E-04,-2.20E-04, 1.410472303E-02
 1.950980263E-02, 5.199999964E-02, 3.638910452E-04, 1.944771350E-02, 4.669887072E-04, 9.901381215E-04, 1.941672952E-02
 2.182352945E-02, 5.200000109E-02, 3.631011944E-04, 1.835116368E-02,-6.95E-04, 7.188846860E-04, 1.832371983E-02
 2.413725411E-02, 5.200000138E-02, 2.042451234E-03, 1.298990626E-02,-7.65E-04,-4.26E-04, 1.296024462E-02
 2.645097993E-02, 5.200000148E-02, 3.717858064E-03, 1.048585907E-02,-8.82E-05,-7.35E-04, 1.045951571E-02
 2.876470610E-02, 5.200000070E-02, 2.627454203E-03, 1.204067260E-02, 6.303683181E-04,-5.69E-04, 1.201053365E-02
 3.107843256E-02, 5.200000264E-02, 4.950331119E-04, 1.703308223E-02, 8.403855855E-04, 4.021381456E-04, 1.700740713E-02
 3.339215696E-02, 5.200000109E-02, 4.005838097E-04, 2.010633577E-02,-1.76E-04, 1.146983798E-03, 2.007265647E-02
 3.570588118E-02, 5.199999949E-02, 8.894266235E-04, 1.549932595E-02,-8.97E-04, 5.347498144E-05, 1.547312564E-02
 3.801960760E-02, 5.200000109E-02, 3.184819979E-03, 1.125865781E-02,-4.53E-04,-6.58E-04, 1.123009659E-02
 4.033333363E-02, 5.200000148E-02, 3.545109503E-03, 1.075716477E-02, 2.747327737E-04,-7.05E-04, 1.073037979E-02
 4.264706080E-02, 5.200000109E-02, 1.432334496E-03, 1.414688529E-02, 8.631292692E-04,-2.22E-04, 1.411861851E-02
 4.496078486E-02, 5.200000148E-02, 3.354766947E-04, 1.942685581E-02, 4.821662638E-04, 9.725094757E-04, 1.939633196E-02
 4.727451199E-02, 5.200000109E-02, 3.349107116E-04, 1.848304933E-02,-6.82E-04, 7.371617479E-04, 1.845556146E-02
 4.958823792E-02, 5.200000109E-02, 1.966254789E-03, 1.317518038E-02,-7.82E-04,-3.97E-04, 1.314579999E-02
 5.190196163E-02, 5.199999952E-02, 3.720105454E-03, 1.057259081E-02,-1.31E-04,-7.06E-04, 1.054800561E-02
 5.421568484E-02, 5.200000109E-02, 2.842718287E-03, 1.178808163E-02, 5.751592058E-04,-5.94E-04, 1.175890389E-02
 5.652941163E-02, 5.200000245E-02, 5.982286613E-04, 1.645597819E-02, 8.807990542E-04, 2.560667759E-04, 1.643023302E-02
 5.884313416E-02, 5.199999993E-02, 3.749250917E-04, 2.024202356E-02,-2.43E-05, 1.163765407E-03, 2.020836704E-02
 6.115685989E-02, 5.200000031E-02, 6.575703024E-04, 1.626640909E-02,-8.87E-04, 2.077325792E-04, 1.624069068E-02
 6.347058348E-02, 5.199999935E-02, 2.917754758E-03, 1.173471066E-02,-5.55E-04,-5.94E-04, 1.170634042E-02
 6.578431353E-02, 5.200000109E-02, 3.729520324E-03, 1.062342258E-02, 1.388709815E-04,-6.88E-04, 1.060004890E-02
 6.809804183E-02, 5.200000216E-02, 1.988568728E-03, 1.316130643E-02, 7.816254709E-04,-4.01E-04, 1.313183842E-02
 7.041176426E-02, 5.200000109E-02, 3.058593591E-04, 1.839948073E-02, 7.045993740E-04, 7.024964695E-04, 1.837236671E-02
 7.272548882E-02, 5.200000167E-02, 3.061167997E-04, 1.959491017E-02,-4.48E-04, 9.907453111E-04, 1.956456025E-02
 7.503921313E-02, 5.200000070E-02, 1.318295819E-03, 1.447502504E-02,-8.78E-04,-1.73E-04, 1.444717702E-02
 7.735294293E-02, 5.200000109E-02, 3.479398539E-03, 1.102145471E-02,-3.38E-04,-6.49E-04, 1.099696425E-02
 7.966666667E-02, 5.200000109E-02, 3.459095131E-03, 1.104778033E-02, 3.489776661E-04,-6.47E-04, 1.102312507E-02
 8.198039040E-02, 5.200000109E-02, 1.279184812E-03, 1.454256197E-02, 8.834945921E-04,-1.61E-04, 1.451464983E-02
 8.429412130E-02, 5.200000109E-02, 2.902617138E-04, 1.963970068E-02, 4.403900873E-04, 9.953997356E-04, 1.960937782E-02
 8.660784532E-02, 5.200000109E-02, 2.970790803E-04, 1.841155608E-02,-7.07E-04, 6.906881394E-04, 1.838481390E-02
 8.892156774E-02, 5.200000032E-02, 1.982477869E-03, 1.325804564E-02,-7.84E-04,-3.88E-04, 1.322902084E-02
 9.123529455E-02, 5.200000109E-02, 3.734286795E-03, 1.074769490E-02,-1.64E-04,-6.52E-04, 1.072645752E-02
 9.354901937E-02, 5.199999993E-02, 3.090416821E-03, 1.159914973E-02, 5.052001268E-04,-5.96E-04, 1.157269118E-02
 9.586274487E-02, 5.199999954E-02, 8.042616945E-04, 1.574747775E-02, 9.046279728E-04, 7.683334250E-05, 1.572114610E-02
 9.817647146E-02, 5.200000109E-02, 3.169139568E-04, 2.019503087E-02, 1.765081229E-04, 1.125087285E-03, 2.016272674E-02
 1.004901934E-01, 5.199999993E-02, 4.195732632E-04, 1.727489276E-02,-8.39E-04, 4.150997184E-04, 1.724938849E-02
 1.028039209E-01, 5.200000070E-02, 2.502046533E-03, 1.246087588E-02,-6.76E-04,-5.00E-04, 1.243237678E-02
 1.051176541E-01, 5.200000225E-02, 3.817312540E-03, 1.066468473E-02,-2.91E-05,-6.48E-04, 1.064477738E-02
 1.074313731E-01, 5.200000070E-02, 2.695380879E-03, 1.213511076E-02, 6.299838774E-04,-5.43E-04, 1.210646032E-02
 1.097450976E-01, 5.200000109E-02, 4.688757787E-04, 1.676904264E-02, 8.857308764E-04, 3.039841682E-04, 1.674269245E-02
 1.120588323E-01, 5.200000274E-02, 2.545295490E-04, 2.031754735E-02,-7.43E-05, 1.192850153E-03, 2.028222169E-02
 1.143725525E-01, 5.200000109E-02, 3.943052992E-04, 1.608366401E-02,-9.97E-04, 3.040875360E-04, 1.604963847E-02
 1.166862856E-01, 5.200000225E-02, 2.716666950E-03, 1.053923978E-02,-7.27E-04,-4.69E-04, 1.050346034E-02
 1.190000090E-01, 5.200000070E-02, 3.918911176E-03, 4.350274188E-03,-8.52E-05,-5.97E-04, 4.307921033E-03
 1.000000108E-03, 5.299999991E-02, 4.895442320E-03, 2.660407087E-03,-6.56E-05,-6.63E-04, 2.575386077E-03
 3.313725606E-03, 5.299999833E-02, 4.417461365E-03, 8.217701156E-03,-1.41E-04,-6.19E-04, 8.192765206E-03
 5.627451004E-03, 5.299999833E-02, 4.385250917E-03, 1.452117200E-02,-3.83E-05, 5.155558349E-04, 1.451161272E-02
 7.941175980E-03, 5.299999981E-02, 5.757344236E-03, 1.806310983E-02,-8.02E-06, 1.480749740E-03, 1.800230357E-02
 1.025490245E-02, 5.299999991E-02, 4.561752315E-03, 1.331978272E-02, 3.580544828E-05, 1.137504071E-04, 1.331885557E-02
 1.256862649E-02, 5.299999754E-02, 5.162356642E-03, 7.899157304E-03, 6.496384376E-05,-8.01E-04, 7.857939465E-03
 1.488235371E-02, 5.299999991E-02, 5.349921321E-03, 7.086412579E-03,-4.31E-05,-8.52E-04, 7.034799651E-03
 1.719607734E-02, 5.299999675E-02, 4.617283194E-03, 1.143713040E-02,-6.12E-05,-2.92E-04, 1.143282659E-02
 1.950980345E-02, 5.299999907E-02, 5.522107815E-03, 1.725892818E-02,-1.17E-05, 1.208712751E-03, 1.721647143E-02
 2.182352945E-02, 5.299999833E-02, 5.130096905E-03, 1.613055366E-02, 1.902123934E-05, 8.710907125E-04, 1.610679446E-02
 2.413725297E-02, 5.299999986E-02, 4.782657158E-03, 1.003679395E-02, 7.113012842E-05,-5.36E-04, 1.002187728E-02
 2.645098047E-02, 5.299999853E-02, 5.428191118E-03, 6.782941085E-03, 1.486366673E-05,-8.58E-04, 6.728375907E-03
 2.876470632E-02, 5.299999833E-02, 4.988720695E-03, 8.840688224E-03,-7.38E-05,-6.97E-04, 8.812602751E-03
 3.107843042E-02, 5.299999626E-02, 4.784881151E-03, 1.472991921E-02,-2.96E-05, 4.754868770E-04, 1.472192307E-02
 3.339215584E-02, 5.299999656E-02, 5.798489639E-03, 1.791686177E-02, 3.297563568E-06, 1.403685050E-03, 1.786177430E-02
 3.570588276E-02, 5.299999905E-02, 4.601877028E-03, 1.301151546E-02, 4.392727926E-05, 4.170547243E-05, 1.301105490E-02
 3.801960760E-02, 5.299999833E-02, 5.214473238E-03, 7.798082426E-03, 6.374284829E-05,-7.88E-04, 7.757684478E-03
 4.033333258E-02, 5.299999735E-02, 5.360284807E-03, 7.125944988E-03,-4.37E-05,-8.31E-04, 7.077157182E-03
 4.264706207E-02, 5.299999991E-02, 4.627972722E-03, 1.143331446E-02,-5.94E-05,-2.96E-04, 1.142894254E-02
 4.496078729E-02, 5.299999833E-02, 5.508768585E-03, 1.724016832E-02,-1.11E-05, 1.188531183E-03, 1.719905297E-02
 4.727451190E-02, 5.299999823E-02, 5.168743568E-03, 1.626443258E-02, 1.597375068E-05, 8.954879218E-04, 1.623957662E-02
 4.958823792E-02, 5.299999833E-02, 4.775014943E-03, 1.022881425E-02, 6.803080966E-05,-5.02E-04, 1.021589333E-02
 5.190196248E-02, 5.299999756E-02, 5.437869485E-03, 6.836021863E-03, 2.182226433E-05,-8.27E-04, 6.785773505E-03
 5.421568484E-02, 5.299999833E-02, 5.085828004E-03, 8.465452179E-03,-7.11E-05,-7.22E-04, 8.434037050E-03
 5.652941274E-02, 5.299999774E-02, 4.687416367E-03, 1.408453055E-02,-3.25E-05, 2.940637292E-04, 1.408111200E-02
 5.884313901E-02, 5.299999912E-02, 5.850967188E-03, 1.805655064E-02,-4.37E-07, 1.426728986E-03, 1.800009081E-02
 6.115685767E-02, 5.299999656E-02, 4.674693219E-03, 1.385740389E-02, 3.275195088E-05, 2.341212103E-04, 1.385504173E-02
 6.347058466E-02, 5.299999754E-02, 5.126713700E-03, 8.358332662E-03, 6.923900609E-05,-7.22E-04, 8.326611854E-03
 6.578431353E-02, 5.299999833E-02, 5.448884818E-03, 6.858830595E-03,-2.31E-05,-8.06E-04, 6.811198716E-03
 6.809803977E-02, 5.299999781E-02, 4.791819386E-03, 1.018716949E-02,-6.73E-05,-5.08E-04, 1.017399171E-02
 7.041176426E-02, 5.299999833E-02, 5.135909264E-03, 1.617819547E-02,-1.57E-05, 8.539484275E-04, 1.615542861E-02
 7.272548909E-02, 5.299999912E-02, 5.573138759E-03, 1.740606359E-02, 6.834066725E-06, 1.213818674E-03, 1.736361369E-02
 7.503921145E-02, 5.299999675E-02, 4.644701882E-03, 1.176462406E-02, 5.168714648E-05,-2.36E-04, 1.176178089E-02
 7.735294495E-02, 5.299999972E-02, 5.359263735E-03, 7.357478698E-03, 5.054776365E-05,-7.71E-04, 7.316643247E-03
 7.966666919E-02, 5.300000001E-02, 5.350964143E-03, 7.393509726E-03,-5.21E-05,-7.70E-04, 7.353035369E-03
 8.198039041E-02, 5.299999833E-02, 4.636554036E-03, 1.184705473E-02,-5.11E-05,-2.21E-04, 1.184448847E-02
 8.429412252E-02, 5.299999910E-02, 5.588594077E-03, 1.745485336E-02,-7.55E-06, 1.220540831E-03, 1.741206176E-02
 8.660784565E-02, 5.299999853E-02, 5.145358969E-03, 1.617760655E-02, 1.288718674E-05, 8.404313757E-04, 1.615555026E-02
 8.892157411E-02, 5.299999774E-02, 4.818257125E-03, 1.025151208E-02, 6.410698726E-05,-4.93E-04, 1.023913543E-02
 9.123529421E-02, 5.299999814E-02, 5.468666633E-03, 6.933362404E-03, 2.654910788E-05,-7.67E-04, 6.890706948E-03
 9.354901928E-02, 5.299999853E-02, 5.217138090E-03, 8.100336700E-03,-6.52E-05,-7.20E-04, 8.067817912E-03
 9.586274880E-02, 5.299999893E-02, 4.640749857E-03, 1.324313360E-02,-3.57E-05, 7.221602749E-05, 1.324256864E-02
 9.817647146E-02, 5.299999833E-02, 5.826542116E-03, 1.801257618E-02,-2.76E-06, 1.382236093E-03, 1.795944593E-02
 1.004901974E-01, 5.299999952E-02, 4.846925903E-03, 1.495209170E-02, 2.016126015E-05, 4.953704893E-04, 1.494362288E-02
 1.028039243E-01, 5.299999972E-02, 4.999943716E-03, 9.220105106E-03, 6.893740620E-05,-6.20E-04, 9.198741265E-03
 1.051176462E-01, 5.299999636E-02, 5.501273375E-03, 6.799521760E-03, 5.572907543E-06,-7.60E-04, 6.756891855E-03
 1.074313751E-01, 5.299999893E-02, 5.059565509E-03, 8.818351533E-03,-6.70E-05,-6.68E-04, 8.792508211E-03
 1.097451005E-01, 5.299999972E-02, 4.703317972E-03, 1.442862463E-02,-1.66E-05, 3.539337619E-04, 1.442393912E-02
 1.120588287E-01, 5.299999828E-02, 5.791440274E-03, 1.821913170E-02, 9.912968868E-06, 1.470176561E-03, 1.815970866E-02
 1.143725489E-01, 5.299999833E-02, 4.312007230E-03, 1.398148501E-02, 3.786374004E-05, 3.391163095E-04, 1.397694179E-02
 1.166862797E-01, 5.299999991E-02, 4.530908472E-03, 7.954284619E-03, 1.451334331E-04,-6.19E-04, 7.928475158E-03
 1.189999980E-01, 5.299999853E-02, 4.913233449E-03, 2.624704684E-03, 6.740496048E-05,-6.27E-04, 2.547613380E-03
 1.000000088E-03, 5.400000420E-02, 5.681762888E-03, 1.806836075E-03,-1.78E-04,-4.53E-04, 1.739826521E-03
 3.313725795E-03, 5.400000612E-02, 6.044731390E-03, 6.420753552E-03,-8.67E-04,-5.01E-04, 6.341897174E-03
 5.627450931E-03, 5.400000420E-02, 8.000862120E-03, 1.203881503E-02,-9.42E-04, 3.745432549E-04, 1.199566298E-02
 7.941176084E-03, 5.400000481E-02, 1.020316743E-02, 1.479288934E-02, 8.955178164E-05, 1.152165832E-03, 1.474759156E-02
 1.025490194E-02, 5.400000461E-02, 7.769918538E-03, 1.072674152E-02, 9.039929184E-04, 5.831330518E-05, 1.068799908E-02
 1.256862798E-02, 5.400000501E-02, 6.604917244E-03, 5.540801368E-03, 5.247507032E-04,-6.04E-04, 5.482450953E-03
 1.488235352E-02, 5.400000420E-02, 6.530273236E-03, 4.707136829E-03,-2.93E-04,-6.25E-04, 4.656167481E-03
 1.719607705E-02, 5.400000380E-02, 7.205895163E-03, 8.953545338E-03,-8.87E-04,-2.53E-04, 8.905546181E-03
 1.950980205E-02, 5.400000431E-02, 9.729347152E-03, 1.403971615E-02,-4.50E-04, 9.351716456E-04, 1.400115638E-02
 2.182352823E-02, 5.400000420E-02, 9.078232163E-03, 1.311531541E-02, 6.755839422E-04, 6.653578957E-04, 1.308070625E-02
 2.413725268E-02, 5.400000350E-02, 6.907428773E-03, 7.617406310E-03, 8.041482536E-04,-4.32E-04, 7.562208129E-03
 2.645098096E-02, 5.400000380E-02, 6.503876781E-03, 4.384397271E-03, 9.824453341E-05,-6.22E-04, 4.338778182E-03
 2.876470575E-02, 5.400000420E-02, 6.719996473E-03, 6.454459970E-03,-6.76E-04,-5.40E-04, 6.395892466E-03
 3.107843094E-02, 5.400000139E-02, 8.373722474E-03, 1.192686311E-02,-8.29E-04, 3.489213147E-04, 1.189255901E-02
 3.339215627E-02, 5.400000380E-02, 1.014626221E-02, 1.455988264E-02, 1.678749398E-04, 1.090600485E-03, 1.451787974E-02
 3.570588444E-02, 5.400000586E-02, 7.681667039E-03, 1.039445611E-02, 9.023556542E-04, 4.914772609E-06, 1.035486778E-02
 3.801960700E-02, 5.400000420E-02, 6.594828374E-03, 5.407388884E-03, 4.944415362E-04,-5.92E-04, 5.351912107E-03
 4.033333149E-02, 5.400000511E-02, 6.527683207E-03, 4.726112114E-03,-3.04E-04,-6.09E-04, 4.676660383E-03
 4.264706238E-02, 5.400000461E-02, 7.208274381E-03, 8.939527346E-03,-8.88E-04,-2.55E-04, 8.891287571E-03
 4.496078413E-02, 5.400000541E-02, 9.726408675E-03, 1.402631413E-02,-4.64E-04, 9.199980272E-04, 1.398822245E-02
 4.727451047E-02, 5.400000441E-02, 9.158820616E-03, 1.322405972E-02, 6.614949154E-04, 6.856123868E-04, 1.318945638E-02
 4.958823605E-02, 5.400000461E-02, 6.944807730E-03, 7.783706417E-03, 8.185968706E-04,-4.07E-04, 7.729455304E-03
 5.190195951E-02, 5.400000259E-02, 6.494363468E-03, 4.412159652E-03, 1.458884850E-04,-6.00E-04, 4.368664635E-03
 5.421568232E-02, 5.400000380E-02, 6.667459578E-03, 6.061896687E-03,-6.20E-04,-5.54E-04, 6.004381272E-03
 5.652941070E-02, 5.400000360E-02, 8.096185323E-03, 1.135442252E-02,-8.73E-04, 2.045550324E-04, 1.131858279E-02
 5.884313766E-02, 5.400000461E-02, 1.024926835E-02, 1.467253407E-02, 2.268387380E-05, 1.110262321E-03, 1.463033867E-02
 6.115686353E-02, 5.400000501E-02, 8.008492338E-03, 1.114177380E-02, 8.810339171E-04, 1.568838717E-04, 1.110539264E-02
 6.347058986E-02, 5.400000622E-02, 6.653988932E-03, 5.937883448E-03, 5.989095383E-04,-5.52E-04, 5.881564801E-03
 6.578431598E-02, 5.400000461E-02, 6.488521382E-03, 4.415467040E-03,-1.54E-04,-5.85E-04, 4.373665394E-03
 6.809804188E-02, 5.400000374E-02, 6.937226413E-03, 7.731722753E-03,-8.17E-04,-4.11E-04, 7.677085894E-03
 7.041176636E-02, 5.400000420E-02, 9.120823281E-03, 1.315265996E-02,-6.83E-04, 6.533018622E-04, 1.311838074E-02
 7.272548963E-02, 5.400000380E-02, 9.843341942E-03, 1.415385235E-02, 4.289250615E-04, 9.415093243E-04, 1.411583419E-02
 7.503921425E-02, 5.400000300E-02, 7.308913650E-03, 9.215716821E-03, 8.952850473E-04,-2.10E-04, 9.169330814E-03
 7.735294351E-02, 5.400000300E-02, 6.535534212E-03, 4.906749993E-03, 3.702188555E-04,-5.70E-04, 4.859273664E-03
 7.966666919E-02, 5.400000430E-02, 6.538696063E-03, 4.943692762E-03,-3.83E-04,-5.70E-04, 4.895703200E-03
 8.198039285E-02, 5.400000420E-02, 7.331074720E-03, 9.294022853E-03,-9.00E-04,-1.99E-04, 9.247827715E-03
 8.429412397E-02, 5.400000431E-02, 9.879307486E-03, 1.419452339E-02,-4.22E-04, 9.474872280E-04, 1.415645319E-02
 8.660784791E-02, 5.400000420E-02, 9.130731936E-03, 1.314005109E-02, 6.836533493E-04, 6.429217287E-04, 1.310621529E-02
 8.892156800E-02, 5.400000561E-02, 6.960749185E-03, 7.763535302E-03, 8.166202141E-04,-4.00E-04, 7.709738146E-03
 9.123528779E-02, 5.400000300E-02, 6.485722245E-03, 4.448702218E-03, 1.815201669E-04,-5.57E-04, 4.409787755E-03
 9.354901680E-02, 5.400000420E-02, 6.621091028E-03, 5.642442758E-03,-5.46E-04,-5.46E-04, 5.589186691E-03
 9.586274395E-02, 5.400000430E-02, 7.785235925E-03, 1.057180696E-02,-9.03E-04, 2.910181483E-05, 1.053277173E-02
 9.817647074E-02, 5.400000420E-02, 1.024145882E-02, 1.463550897E-02,-1.68E-04, 1.076764879E-03, 1.459474611E-02
 1.004901986E-01, 5.400000471E-02, 8.504444620E-03, 1.208931789E-02, 8.201173086E-04, 3.661078893E-04, 1.205561903E-02
 1.028039220E-01, 5.400000420E-02, 6.778333501E-03, 6.749917174E-03, 7.154626132E-04,-4.86E-04, 6.693946336E-03
 1.051176493E-01, 5.400000300E-02, 6.465115304E-03, 4.302618828E-03, 3.270667710E-05,-5.49E-04, 4.267181760E-03
 1.074313787E-01, 5.400000501E-02, 6.711450926E-03, 6.371291319E-03,-6.70E-04,-5.19E-04, 6.314371809E-03
 1.097451017E-01, 5.400000461E-02, 8.245602930E-03, 1.168238960E-02,-8.66E-04, 2.498752936E-04, 1.164717321E-02
 1.120588253E-01, 5.400000431E-02, 1.033606623E-02, 1.493151249E-02, 7.594379151E-05, 1.148656398E-03, 1.488698918E-02
 1.143725521E-01, 5.400000420E-02, 7.761644037E-03, 1.153136992E-02, 9.874381244E-04, 2.312486726E-04, 1.148625635E-02
 1.166862802E-01, 5.400000441E-02, 6.013596622E-03, 6.100964070E-03, 8.320657794E-04,-4.98E-04, 6.023075694E-03
 1.190000078E-01, 5.400000501E-02, 5.646810006E-03, 1.746877547E-03, 1.695424311E-04,-4.24E-04, 1.685929291E-03
 1.000000081E-03, 5.499999956E-02, 5.968258218E-03, 9.378123790E-04,-1.57E-04,-1.53E-04, 9.116959603E-04
 3.313725581E-03, 5.499999915E-02, 6.920659661E-03, 3.642435396E-03,-9.19E-04,-2.01E-04, 3.518710379E-03
 5.627451172E-03, 5.500000121E-02, 1.031425199E-02, 7.004492559E-03,-1.15E-03, 1.280851105E-04, 6.908646565E-03
 7.941175789E-03, 5.499999978E-02, 1.293649196E-02, 8.524293594E-03, 1.291007953E-04, 4.596306947E-04, 8.510692024E-03
 1.025490156E-02, 5.499999958E-02, 9.728903080E-03, 6.147839394E-03, 1.094303961E-03, 1.748006130E-06, 6.049420725E-03
 1.256862741E-02, 5.499999956E-02, 7.245402278E-03, 2.978210817E-03, 5.625680535E-04,-2.25E-04, 2.915800885E-03
 1.488235305E-02, 5.499999876E-02, 6.986426445E-03, 2.447958299E-03,-3.06E-04,-2.24E-04, 2.418247886E-03
 1.719607734E-02, 5.499999793E-02, 8.694114688E-03, 5.066655295E-03,-1.03E-03,-1.15E-04, 4.959466488E-03
 1.950980275E-02, 5.499999835E-02, 1.227662125E-02, 8.032474958E-03,-5.65E-04, 3.671104650E-04, 8.003935265E-03
 2.182352880E-02, 5.499999793E-02, 1.148935938E-02, 7.509611522E-03, 8.405686228E-04, 2.523391920E-04, 7.457837415E-03
 2.413725362E-02, 5.499999876E-02, 8.047266529E-03, 4.254866668E-03, 9.067624984E-04,-1.77E-04, 4.153253746E-03
 2.645098037E-02, 5.499999957E-02, 6.889736983E-03, 2.239165893E-03, 1.017974235E-04,-2.20E-04, 2.225706517E-03
 2.876470632E-02, 5.499999957E-02, 7.567606560E-03, 3.540498369E-03,-7.41E-04,-2.09E-04, 3.455698635E-03
 3.107843164E-02, 5.499999957E-02, 1.056685925E-02, 6.826751596E-03,-1.02E-03, 1.205295901E-04, 6.749530526E-03
 3.339215696E-02, 5.499999957E-02, 1.275490524E-02, 8.321435976E-03, 2.124908860E-04, 4.340127830E-04, 8.307071936E-03
 3.570588294E-02, 5.500000059E-02, 9.524855017E-03, 5.925479576E-03, 1.078535550E-03,-1.75E-05, 5.826289985E-03
 3.801960760E-02, 5.499999957E-02, 7.189540251E-03, 2.886194795E-03, 5.266850335E-04,-2.19E-04, 2.829143953E-03
 4.033333243E-02, 5.499999834E-02, 6.975208423E-03, 2.455689092E-03,-3.17E-04,-2.19E-04, 2.425119909E-03
 4.264705952E-02, 5.499999792E-02, 8.685755083E-03, 5.056249115E-03,-1.03E-03,-1.16E-04, 4.948585745E-03
 4.496078318E-02, 5.499999792E-02, 1.227826744E-02, 8.025529459E-03,-5.83E-04, 3.608143711E-04, 7.995885481E-03
 4.727451128E-02, 5.499999875E-02, 1.159058176E-02, 7.570980475E-03, 8.254460250E-04, 2.609969401E-04, 7.521063262E-03
 4.958823644E-02, 5.499999793E-02, 8.114053216E-03, 4.352645167E-03, 9.267552680E-04,-1.68E-04, 4.249378752E-03
 5.190196227E-02, 5.499999854E-02, 6.869185180E-03, 2.251708535E-03, 1.509572245E-04,-2.12E-04, 2.236453108E-03
 5.421568484E-02, 5.499999957E-02, 7.403956595E-03, 3.292633164E-03,-6.71E-04,-2.11E-04, 3.216463101E-03
 5.652941099E-02, 5.500000038E-02, 1.016514960E-02, 6.491592863E-03,-1.06E-03, 6.177819363E-05, 6.403747305E-03
 5.884313721E-02, 5.500000120E-02, 1.287928979E-02, 8.384497906E-03, 2.963178110E-05, 4.428105557E-04, 8.372446782E-03
 6.115686080E-02, 5.499999958E-02, 1.002301274E-02, 6.363787334E-03, 1.068035481E-03, 4.260543948E-05, 6.273135859E-03
 6.347058655E-02, 5.500000039E-02, 7.350499656E-03, 3.211745043E-03, 6.465477392E-04,-2.09E-04, 3.138961176E-03
 6.578431353E-02, 5.499999957E-02, 6.852927662E-03, 2.249635348E-03,-1.59E-04,-2.07E-04, 2.234206169E-03
 6.809804093E-02, 5.499999998E-02, 8.083867827E-03, 4.318548996E-03,-9.23E-04,-1.69E-04, 4.215136886E-03
 7.041176636E-02, 5.500000121E-02, 1.154615082E-02, 7.530315297E-03,-8.51E-04, 2.475745311E-04, 7.477645138E-03
 7.272548800E-02, 5.499999957E-02, 1.241610341E-02, 8.094237405E-03, 5.419066962E-04, 3.703203076E-04, 8.067323190E-03
 7.503921371E-02, 5.499999958E-02, 8.837750739E-03, 5.214863923E-03, 1.047056801E-03,-9.92E-05, 5.107535638E-03
 7.735294524E-02, 5.500000121E-02, 6.989147995E-03, 2.558849601E-03, 3.876464557E-04,-2.06E-04, 2.520749802E-03
 7.966666428E-02, 5.499999793E-02, 6.999676350E-03, 2.582296336E-03,-4.00E-04,-2.06E-04, 2.542580259E-03
 8.198039041E-02, 5.499999957E-02, 8.880773539E-03, 5.262265372E-03,-1.05E-03,-9.51E-05, 5.154726967E-03
 8.429412289E-02, 5.500000061E-02, 1.246082390E-02, 8.116807945E-03,-5.32E-04, 3.730556165E-04, 8.090556303E-03
 8.660784533E-02, 5.499999957E-02, 1.155021862E-02, 7.518764139E-03, 8.541879457E-04, 2.432784651E-04, 7.465824179E-03
 8.892156643E-02, 5.499999794E-02, 8.098817450E-03, 4.331138459E-03, 9.241276025E-04,-1.65E-04, 4.228044384E-03
 9.123529589E-02, 5.500000038E-02, 6.836155224E-03, 2.261561506E-03, 1.872116644E-04,-1.97E-04, 2.244963363E-03
 9.354901869E-02, 5.499999795E-02, 7.227462258E-03, 3.018984073E-03,-5.83E-04,-2.04E-04, 2.954974671E-03
 9.586274700E-02, 5.499999915E-02, 9.656295175E-03, 6.022857303E-03,-1.08E-03,-8.02E-06, 5.924196455E-03
 9.817647146E-02, 5.499999957E-02, 1.287607464E-02, 8.360798359E-03,-2.13E-04, 4.288453968E-04, 8.346752187E-03
 1.004901930E-01, 5.499999835E-02, 1.072231555E-02, 6.912502596E-03, 1.010432588E-03, 1.277571172E-04, 6.836847837E-03
 1.028039247E-01, 5.500000121E-02, 7.648749847E-03, 3.706523875E-03, 7.886245682E-04,-1.91E-04, 3.616515370E-03
 1.051176501E-01, 5.499999958E-02, 6.782505064E-03, 2.166156227E-03, 3.334970816E-05,-1.92E-04, 2.157088944E-03
 1.074313722E-01, 5.499999874E-02, 7.492911654E-03, 3.478743472E-03,-7.33E-04,-2.01E-04, 3.394701276E-03
 1.097450976E-01, 5.499999958E-02, 1.041505321E-02, 6.704271190E-03,-1.07E-03, 7.851673709E-05, 6.617617974E-03
 1.120588301E-01, 5.500000020E-02, 1.311363228E-02, 8.603868720E-03, 8.206612284E-05, 4.593697792E-04, 8.590990273E-03
 1.143725525E-01, 5.499999957E-02, 9.938837004E-03, 6.694143794E-03, 1.194279287E-03, 6.909371326E-05, 6.586094544E-03
 1.166862771E-01, 5.499999999E-02, 6.774385084E-03, 3.430093662E-03, 8.691416010E-04,-1.97E-04, 3.312221804E-03
 1.190000025E-01, 5.499999957E-02, 5.905078018E-03, 8.969532395E-04, 1.460615968E-04,-1.42E-04, 8.733514772E-04
