x,y,p,tv,u,v,dx-velocity-dy
-7.45E-09,-1.00E-02,-8.71E-02, 0.000000000E+00, 0.000000000E+00, 0.000000000E+00, 8.660299932E-04
 4.999935627E-04,-1.00E-02,-8.71E-02, 0.000000000E+00, 0.000000000E+00, 0.000000000E+00, 9.117041627E-04
 9.999945760E-04,-1.00E-02,-8.71E-02, 0.000000000E+00, 0.000000000E+00, 0.000000000E+00,-3.13E-03
 1.499995589E-03,-1.00E-02,-8.71E-02, 0.000000000E+00, 0.000000000E+00, 0.000000000E+00,-1.66E-02
 1.999996603E-03,-1.00E-02,-8.71E-02, 0.000000000E+00, 0.000000000E+00, 0.000000000E+00,-3.87E-02
 2.499990165E-03,-1.00E-02,-8.72E-02, 0.000000000E+00, 0.000000000E+00, 0.000000000E+00,-6.72E-02
 2.999991179E-03,-1.00E-02,-8.72E-02, 0.000000000E+00, 0.000000000E+00, 0.000000000E+00,-1.01E-01
 3.499999642E-03,-1.00E-02,-8.72E-02, 0.000000000E+00, 0.000000000E+00, 0.000000000E+00,-1.37E-01
 4.000000656E-03,-1.00E-02,-8.72E-02, 0.000000000E+00, 0.000000000E+00, 0.000000000E+00,-1.75E-01
 4.500001669E-03,-1.00E-02,-8.72E-02, 0.000000000E+00, 0.000000000E+00, 0.000000000E+00,-2.14E-01
 4.999995232E-03,-1.00E-02,-8.72E-02, 0.000000000E+00, 0.000000000E+00, 0.000000000E+00,-2.53E-01
 5.499996245E-03,-1.00E-02,-8.72E-02, 0.000000000E+00, 0.000000000E+00, 0.000000000E+00,-2.92E-01
 5.999997258E-03,-1.00E-02,-8.72E-02, 0.000000000E+00, 0.000000000E+00, 0.000000000E+00,-3.31E-01
 6.499998271E-03,-1.00E-02,-8.72E-02, 0.000000000E+00, 0.000000000E+00, 0.000000000E+00,-3.70E-01
 6.999999285E-03,-1.00E-02,-8.72E-02, 0.000000000E+00, 0.000000000E+00, 0.000000000E+00,-4.08E-01
 7.499992847E-03,-1.00E-02,-8.72E-02, 0.000000000E+00, 0.000000000E+00, 0.000000000E+00,-4.47E-01
 7.999993861E-03,-1.00E-02,-8.71E-02, 0.000000000E+00, 0.000000000E+00, 0.000000000E+00,-4.86E-01
 8.499994874E-03,-1.00E-02,-8.71E-02, 0.000000000E+00, 0.000000000E+00, 0.000000000E+00,-5.24E-01
 8.999995887E-03,-1.00E-02,-8.71E-02, 0.000000000E+00, 0.000000000E+00, 0.000000000E+00,-5.62E-01
 9.499996901E-03,-1.00E-02,-8.71E-02, 0.000000000E+00, 0.000000000E+00, 0.000000000E+00,-6.01E-01
 9.999990463E-03,-1.00E-02,-8.70E-02, 0.000000000E+00, 0.000000000E+00, 0.000000000E+00,-6.39E-01
 1.049999148E-02,-1.00E-02,-8.70E-02, 0.000000000E+00, 0.000000000E+00, 0.000000000E+00,-6.76E-01
 1.099999249E-02,-1.00E-02,-8.69E-02, 0.000000000E+00, 0.000000000E+00, 0.000000000E+00,-7.14E-01
 1.150000095E-02,-1.00E-02,-8.69E-02, 0.000000000E+00, 0.000000000E+00, 0.000000000E+00,-7.51E-01
 1.200000197E-02,-1.00E-02,-8.68E-02, 0.000000000E+00, 0.000000000E+00, 0.000000000E+00,-7.89E-01
 1.249999553E-02,-1.00E-02,-8.68E-02, 0.000000000E+00, 0.000000000E+00, 0.000000000E+00,-8.26E-01
 1.299999654E-02,-1.00E-02,-8.67E-02, 0.000000000E+00, 0.000000000E+00, 0.000000000E+00,-8.62E-01
 1.349999756E-02,-1.00E-02,-8.66E-02, 0.000000000E+00, 0.000000000E+00, 0.000000000E+00,-8.99E-01
 1.399999857E-02,-1.00E-02,-8.65E-02, 0.000000000E+00, 0.000000000E+00, 0.000000000E+00,-9.35E-01
 1.449999958E-02,-1.00E-02,-8.65E-02, 0.000000000E+00, 0.000000000E+00, 0.000000000E+00,-9.71E-01
 1.499999315E-02,-1.00E-02,-8.64E-02, 0.000000000E+00, 0.000000000E+00, 0.000000000E+00,-1.01E+00
 1.549999416E-02,-1.00E-02,-8.63E-02, 0.000000000E+00, 0.000000000E+00, 0.000000000E+00,-1.04E+00
 1.599999517E-02,-1.00E-02,-8.62E-02, 0.000000000E+00, 0.000000000E+00, 0.000000000E+00,-1.08E+00
 1.649999619E-02,-1.00E-02,-8.61E-02, 0.000000000E+00, 0.000000000E+00, 0.000000000E+00,-1.11E+00
 1.699999720E-02,-1.00E-02,-8.59E-02, 0.000000000E+00, 0.000000000E+00, 0.000000000E+00,-1.15E+00
 1.749999076E-02,-1.00E-02,-8.58E-02, 0.000000000E+00, 0.000000000E+00, 0.000000000E+00,-1.18E+00
 1.799999177E-02,-1.00E-02,-8.57E-02, 0.000000000E+00, 0.000000000E+00, 0.000000000E+00,-1.22E+00
 1.849999279E-02,-1.00E-02,-8.56E-02, 0.000000000E+00, 0.000000000E+00, 0.000000000E+00,-1.25E+00
 1.900000125E-02,-1.00E-02,-8.54E-02, 0.000000000E+00, 0.000000000E+00, 0.000000000E+00,-1.28E+00
 1.950000226E-02,-1.00E-02,-8.53E-02, 0.000000000E+00, 0.000000000E+00, 0.000000000E+00,-1.32E+00
 1.999999583E-02,-1.00E-02,-8.51E-02, 0.000000000E+00, 0.000000000E+00, 0.000000000E+00,-1.35E+00
 2.049999684E-02,-1.00E-02,-8.49E-02, 0.000000000E+00, 0.000000000E+00, 0.000000000E+00,-1.38E+00
 2.099999785E-02,-1.00E-02,-8.48E-02, 0.000000000E+00, 0.000000000E+00, 0.000000000E+00,-1.42E+00
 2.149999887E-02,-1.00E-02,-8.46E-02, 0.000000000E+00, 0.000000000E+00, 0.000000000E+00,-1.45E+00
 2.199999988E-02,-1.00E-02,-8.44E-02, 0.000000000E+00, 0.000000000E+00, 0.000000000E+00,-1.48E+00
 2.249999344E-02,-1.00E-02,-8.42E-02, 0.000000000E+00, 0.000000000E+00, 0.000000000E+00,-1.51E+00
 2.299999446E-02,-1.00E-02,-8.40E-02, 0.000000000E+00, 0.000000000E+00, 0.000000000E+00,-1.54E+00
 2.349999547E-02,-1.00E-02,-8.38E-02, 0.000000000E+00, 0.000000000E+00, 0.000000000E+00,-1.57E+00
 2.399999648E-02,-1.00E-02,-8.36E-02, 0.000000000E+00, 0.000000000E+00, 0.000000000E+00,-1.61E+00
 2.449999750E-02,-1.00E-02,-8.34E-02, 0.000000000E+00, 0.000000000E+00, 0.000000000E+00,-1.64E+00
 2.499999106E-02,-1.00E-02,-8.32E-02, 0.000000000E+00, 0.000000000E+00, 0.000000000E+00,-1.67E+00
 2.549999207E-02,-1.00E-02,-8.29E-02, 0.000000000E+00, 0.000000000E+00, 0.000000000E+00,-1.70E+00
 2.599999309E-02,-1.00E-02,-8.27E-02, 0.000000000E+00, 0.000000000E+00, 0.000000000E+00,-1.73E+00
 2.649999410E-02,-1.00E-02,-8.25E-02, 0.000000000E+00, 0.000000000E+00, 0.000000000E+00,-1.76E+00
 2.700000256E-02,-1.00E-02,-8.22E-02, 0.000000000E+00, 0.000000000E+00, 0.000000000E+00,-1.79E+00
 2.749998868E-02,-1.00E-02,-8.19E-02, 0.000000000E+00, 0.000000000E+00, 0.000000000E+00,-1.82E+00
 2.799999714E-02,-1.00E-02,-8.17E-02, 0.000000000E+00, 0.000000000E+00, 0.000000000E+00,-1.85E+00
 2.849999815E-02,-1.00E-02,-8.14E-02, 0.000000000E+00, 0.000000000E+00, 0.000000000E+00,-1.88E+00
 2.899999917E-02,-1.00E-02,-8.11E-02, 0.000000000E+00, 0.000000000E+00, 0.000000000E+00,-1.90E+00
 2.950000018E-02,-1.00E-02,-8.08E-02, 0.000000000E+00, 0.000000000E+00, 0.000000000E+00,-1.93E+00
 2.999999374E-02,-1.00E-02,-8.05E-02, 0.000000000E+00, 0.000000000E+00, 0.000000000E+00,-1.96E+00
 3.049999475E-02,-1.00E-02,-8.02E-02, 0.000000000E+00, 0.000000000E+00, 0.000000000E+00,-1.99E+00
 3.099999577E-02,-1.00E-02,-7.99E-02, 0.000000000E+00, 0.000000000E+00, 0.000000000E+00,-2.02E+00
 3.149999678E-02,-1.00E-02,-7.96E-02, 0.000000000E+00, 0.000000000E+00, 0.000000000E+00,-2.05E+00
 3.199999779E-02,-1.00E-02,-7.92E-02, 0.000000000E+00, 0.000000000E+00, 0.000000000E+00,-2.08E+00
 3.249999136E-02,-1.00E-02,-7.89E-02, 0.000000000E+00, 0.000000000E+00, 0.000000000E+00,-2.10E+00
 3.299999237E-02,-1.00E-02,-7.85E-02, 0.000000000E+00, 0.000000000E+00, 0.000000000E+00,-2.13E+00
 3.349999338E-02,-1.00E-02,-7.82E-02, 0.000000000E+00, 0.000000000E+00, 0.000000000E+00,-2.16E+00
 3.399999440E-02,-1.00E-02,-7.78E-02, 0.000000000E+00, 0.000000000E+00, 0.000000000E+00,-2.19E+00
 3.450000286E-02,-1.00E-02,-7.74E-02, 0.000000000E+00, 0.000000000E+00, 0.000000000E+00,-2.21E+00
 3.499998897E-02,-1.00E-02,-7.70E-02, 0.000000000E+00, 0.000000000E+00, 0.000000000E+00,-2.24E+00
 3.549999744E-02,-1.00E-02,-7.67E-02, 0.000000000E+00, 0.000000000E+00, 0.000000000E+00,-2.27E+00
 3.599999845E-02,-1.00E-02,-7.63E-02, 0.000000000E+00, 0.000000000E+00, 0.000000000E+00,-2.29E+00
 3.649999201E-02,-1.00E-02,-7.58E-02, 0.000000000E+00, 0.000000000E+00, 0.000000000E+00,-2.32E+00
 3.700000048E-02,-1.00E-02,-7.54E-02, 0.000000000E+00, 0.000000000E+00, 0.000000000E+00,-2.35E+00
 3.749999404E-02,-1.00E-02,-7.50E-02, 0.000000000E+00, 0.000000000E+00, 0.000000000E+00,-2.37E+00
 3.799998760E-02,-1.00E-02,-7.46E-02, 0.000000000E+00, 0.000000000E+00, 0.000000000E+00,-2.40E+00
 3.849999607E-02,-1.00E-02,-7.41E-02, 0.000000000E+00, 0.000000000E+00, 0.000000000E+00,-2.43E+00
 3.900000453E-02,-1.00E-02,-7.36E-02, 0.000000000E+00, 0.000000000E+00, 0.000000000E+00,-2.45E+00
 3.949999809E-02,-1.00E-02,-7.32E-02, 0.000000000E+00, 0.000000000E+00, 0.000000000E+00,-2.48E+00
 3.999999166E-02,-1.00E-02,-7.27E-02, 0.000000000E+00, 0.000000000E+00, 0.000000000E+00,-2.51E+00
 4.050000012E-02,-1.00E-02,-7.22E-02, 0.000000000E+00, 0.000000000E+00, 0.000000000E+00,-2.53E+00
 4.099999368E-02,-1.00E-02,-7.17E-02, 0.000000000E+00, 0.000000000E+00, 0.000000000E+00,-2.56E+00
 4.150000215E-02,-1.00E-02,-7.12E-02, 0.000000000E+00, 0.000000000E+00, 0.000000000E+00,-2.58E+00
 4.199999571E-02,-1.00E-02,-7.07E-02, 0.000000000E+00, 0.000000000E+00, 0.000000000E+00,-2.61E+00
 4.249998927E-02,-1.00E-02,-7.01E-02, 0.000000000E+00, 0.000000000E+00, 0.000000000E+00,-2.63E+00
 4.299999774E-02,-1.00E-02,-6.96E-02, 0.000000000E+00, 0.000000000E+00, 0.000000000E+00,-2.66E+00
 4.349999130E-02,-1.00E-02,-6.90E-02, 0.000000000E+00, 0.000000000E+00, 0.000000000E+00,-2.68E+00
 4.399999976E-02,-1.00E-02,-6.85E-02, 0.000000000E+00, 0.000000000E+00, 0.000000000E+00,-2.71E+00
 4.449999332E-02,-1.00E-02,-6.79E-02, 0.000000000E+00, 0.000000000E+00, 0.000000000E+00,-2.73E+00
 4.499998689E-02,-1.00E-02,-6.73E-02, 0.000000000E+00, 0.000000000E+00, 0.000000000E+00,-2.75E+00
 4.549999535E-02,-1.00E-02,-6.67E-02, 0.000000000E+00, 0.000000000E+00, 0.000000000E+00,-2.78E+00
 4.599998891E-02,-1.00E-02,-6.61E-02, 0.000000000E+00, 0.000000000E+00, 0.000000000E+00,-2.80E+00
 4.649999738E-02,-1.00E-02,-6.54E-02, 0.000000000E+00, 0.000000000E+00, 0.000000000E+00,-2.82E+00
 4.700000584E-02,-1.00E-02,-6.48E-02, 0.000000000E+00, 0.000000000E+00, 0.000000000E+00,-2.84E+00
 4.749998450E-02,-1.00E-02,-6.41E-02, 0.000000000E+00, 0.000000000E+00, 0.000000000E+00,-2.86E+00
 4.799999297E-02,-1.00E-02,-6.35E-02, 0.000000000E+00, 0.000000000E+00, 0.000000000E+00,-2.88E+00
 4.850000143E-02,-1.00E-02,-6.28E-02, 0.000000000E+00, 0.000000000E+00, 0.000000000E+00,-2.90E+00
 4.899999499E-02,-1.00E-02,-6.21E-02, 0.000000000E+00, 0.000000000E+00, 0.000000000E+00,-2.92E+00
 4.950000346E-02,-1.00E-02,-6.14E-02, 0.000000000E+00, 0.000000000E+00, 0.000000000E+00,-2.94E+00
 4.999999702E-02,-1.00E-02,-6.06E-02, 0.000000000E+00, 0.000000000E+00, 0.000000000E+00,-2.96E+00
 5.049999058E-02,-1.00E-02,-5.99E-02, 0.000000000E+00, 0.000000000E+00, 0.000000000E+00,-2.98E+00
 5.099999905E-02,-1.00E-02,-5.91E-02, 0.000000000E+00, 0.000000000E+00, 0.000000000E+00,-2.99E+00
 5.149999261E-02,-1.00E-02,-5.84E-02, 0.000000000E+00, 0.000000000E+00, 0.000000000E+00,-3.01E+00
 5.200000107E-02,-1.00E-02,-5.76E-02, 0.000000000E+00, 0.000000000E+00, 0.000000000E+00,-3.02E+00
 5.249999464E-02,-1.00E-02,-5.68E-02, 0.000000000E+00, 0.000000000E+00, 0.000000000E+00,-3.03E+00
 5.299998820E-02,-1.00E-02,-5.60E-02, 0.000000000E+00, 0.000000000E+00, 0.000000000E+00,-3.04E+00
 5.349999666E-02,-1.00E-02,-5.52E-02, 0.000000000E+00, 0.000000000E+00, 0.000000000E+00,-3.05E+00
 5.399999022E-02,-1.00E-02,-5.43E-02, 0.000000000E+00, 0.000000000E+00, 0.000000000E+00,-3.06E+00
 5.449999869E-02,-1.00E-02,-5.35E-02, 0.000000000E+00, 0.000000000E+00, 0.000000000E+00,-3.07E+00
 5.499999225E-02,-1.00E-02,-5.26E-02, 0.000000000E+00, 0.000000000E+00, 0.000000000E+00,-3.07E+00
 5.550000072E-02,-1.00E-02,-5.17E-02, 0.000000000E+00, 0.000000000E+00, 0.000000000E+00,-3.07E+00
 5.599999428E-02,-1.00E-02,-5.08E-02, 0.000000000E+00, 0.000000000E+00, 0.000000000E+00,-3.07E+00
 5.650000274E-02,-1.00E-02,-4.99E-02, 0.000000000E+00, 0.000000000E+00, 0.000000000E+00,-3.07E+00
 5.699999630E-02,-1.00E-02,-4.90E-02, 0.000000000E+00, 0.000000000E+00, 0.000000000E+00,-3.07E+00
 5.749998987E-02,-1.00E-02,-4.80E-02, 0.000000000E+00, 0.000000000E+00, 0.000000000E+00,-3.06E+00
 5.799999833E-02,-1.00E-02,-4.71E-02, 0.000000000E+00, 0.000000000E+00, 0.000000000E+00,-3.05E+00
 5.849999189E-02,-1.00E-02,-4.61E-02, 0.000000000E+00, 0.000000000E+00, 0.000000000E+00,-3.04E+00
 5.900000036E-02,-1.00E-02,-4.51E-02, 0.000000000E+00, 0.000000000E+00, 0.000000000E+00,-3.03E+00
 5.949999392E-02,-1.00E-02,-4.41E-02, 0.000000000E+00, 0.000000000E+00, 0.000000000E+00,-3.01E+00
 5.999998748E-02,-1.00E-02,-4.31E-02, 0.000000000E+00, 0.000000000E+00, 0.000000000E+00,-2.99E+00
 6.049999595E-02,-1.00E-02,-4.21E-02, 0.000000000E+00, 0.000000000E+00, 0.000000000E+00,-2.97E+00
 6.099998951E-02,-1.00E-02,-4.11E-02, 0.000000000E+00, 0.000000000E+00, 0.000000000E+00,-2.95E+00
 6.149999797E-02,-1.00E-02,-4.01E-02, 0.000000000E+00, 0.000000000E+00, 0.000000000E+00,-2.92E+00
 6.199999154E-02,-1.00E-02,-3.91E-02, 0.000000000E+00, 0.000000000E+00, 0.000000000E+00,-2.89E+00
 6.249998510E-02,-1.00E-02,-3.80E-02, 0.000000000E+00, 0.000000000E+00, 0.000000000E+00,-2.86E+00
 6.299999356E-02,-1.00E-02,-3.70E-02, 0.000000000E+00, 0.000000000E+00, 0.000000000E+00,-2.82E+00
 6.350000203E-02,-1.00E-02,-3.59E-02, 0.000000000E+00, 0.000000000E+00, 0.000000000E+00,-2.78E+00
 6.399999559E-02,-1.00E-02,-3.49E-02, 0.000000000E+00, 0.000000000E+00, 0.000000000E+00,-2.74E+00
 6.450000405E-02,-1.00E-02,-3.38E-02, 0.000000000E+00, 0.000000000E+00, 0.000000000E+00,-2.69E+00
 6.499999762E-02,-1.00E-02,-3.28E-02, 0.000000000E+00, 0.000000000E+00, 0.000000000E+00,-2.64E+00
 6.549999118E-02,-1.00E-02,-3.17E-02, 0.000000000E+00, 0.000000000E+00, 0.000000000E+00,-2.59E+00
 6.599999964E-02,-1.00E-02,-3.07E-02, 0.000000000E+00, 0.000000000E+00, 0.000000000E+00,-2.53E+00
 6.649999321E-02,-1.00E-02,-2.96E-02, 0.000000000E+00, 0.000000000E+00, 0.000000000E+00,-2.47E+00
 6.700000167E-02,-1.00E-02,-2.86E-02, 0.000000000E+00, 0.000000000E+00, 0.000000000E+00,-2.41E+00
 6.749999523E-02,-1.00E-02,-2.75E-02, 0.000000000E+00, 0.000000000E+00, 0.000000000E+00,-2.34E+00
 6.799998879E-02,-1.00E-02,-2.65E-02, 0.000000000E+00, 0.000000000E+00, 0.000000000E+00,-2.27E+00
 6.849999726E-02,-1.00E-02,-2.55E-02, 0.000000000E+00, 0.000000000E+00, 0.000000000E+00,-2.20E+00
 6.899999082E-02,-1.00E-02,-2.45E-02, 0.000000000E+00, 0.000000000E+00, 0.000000000E+00,-2.13E+00
 6.949999928E-02,-1.00E-02,-2.35E-02, 0.000000000E+00, 0.000000000E+00, 0.000000000E+00,-2.05E+00
 6.999999285E-02,-1.00E-02,-2.25E-02, 0.000000000E+00, 0.000000000E+00, 0.000000000E+00,-1.98E+00
 7.049998641E-02,-1.00E-02,-2.15E-02, 0.000000000E+00, 0.000000000E+00, 0.000000000E+00,-1.90E+00
 7.099999487E-02,-1.00E-02,-2.05E-02, 0.000000000E+00, 0.000000000E+00, 0.000000000E+00,-1.82E+00
 7.149998844E-02,-1.00E-02,-1.96E-02, 0.000000000E+00, 0.000000000E+00, 0.000000000E+00,-1.72E+00
 7.199999690E-02,-1.00E-02,-1.86E-02, 0.000000000E+00, 0.000000000E+00, 0.000000000E+00,-1.61E+00
 7.249999046E-02,-1.00E-02,-1.77E-02, 0.000000000E+00, 0.000000000E+00, 0.000000000E+00,-1.50E+00
 7.299999893E-02,-1.00E-02,-1.68E-02, 0.000000000E+00, 0.000000000E+00, 0.000000000E+00,-1.38E+00
 7.349999249E-02,-1.00E-02,-1.60E-02, 0.000000000E+00, 0.000000000E+00, 0.000000000E+00,-1.27E+00
 7.399998605E-02,-1.00E-02,-1.51E-02, 0.000000000E+00, 0.000000000E+00, 0.000000000E+00,-1.16E+00
 7.449999452E-02,-1.00E-02,-1.43E-02, 0.000000000E+00, 0.000000000E+00, 0.000000000E+00,-1.06E+00
 7.499998808E-02,-1.00E-02,-1.35E-02, 0.000000000E+00, 0.000000000E+00, 0.000000000E+00,-9.51E-01
 7.549999654E-02,-1.00E-02,-1.27E-02, 0.000000000E+00, 0.000000000E+00, 0.000000000E+00,-8.43E-01
 7.599999011E-02,-1.00E-02,-1.20E-02, 0.000000000E+00, 0.000000000E+00, 0.000000000E+00,-7.31E-01
 7.649998367E-02,-1.00E-02,-1.13E-02, 0.000000000E+00, 0.000000000E+00, 0.000000000E+00,-6.13E-01
 7.699999213E-02,-1.00E-02,-1.05E-02, 0.000000000E+00, 0.000000000E+00, 0.000000000E+00,-4.95E-01
 7.749998569E-02,-1.00E-02,-9.87E-03, 0.000000000E+00, 0.000000000E+00, 0.000000000E+00,-3.91E-01
 7.800000906E-02,-1.00E-02,-9.23E-03, 0.000000000E+00, 0.000000000E+00, 0.000000000E+00,-2.95E-01
 7.849998772E-02,-1.00E-02,-8.62E-03, 0.000000000E+00, 0.000000000E+00, 0.000000000E+00,-2.08E-01
 7.899998128E-02,-1.00E-02,-8.03E-03, 0.000000000E+00, 0.000000000E+00, 0.000000000E+00,-1.23E-01
 7.950000465E-02,-1.00E-02,-7.46E-03, 0.000000000E+00, 0.000000000E+00, 0.000000000E+00,-3.46E-02
 7.999999821E-02,-1.00E-02,-6.91E-03, 0.000000000E+00, 0.000000000E+00, 0.000000000E+00, 4.692716395E-02
 8.050000668E-02,-1.00E-02,-6.39E-03, 0.000000000E+00, 0.000000000E+00, 0.000000000E+00, 1.319815027E-01
 8.100000024E-02,-1.00E-02,-5.90E-03, 0.000000000E+00, 0.000000000E+00, 0.000000000E+00, 2.364062496E-01
 8.149999380E-02,-1.00E-02,-5.44E-03, 0.000000000E+00, 0.000000000E+00, 0.000000000E+00, 3.472964905E-01
 8.200000226E-02,-1.00E-02,-5.00E-03, 0.000000000E+00, 0.000000000E+00, 0.000000000E+00, 4.505936398E-01
 8.249999583E-02,-1.00E-02,-4.58E-03, 0.000000000E+00, 0.000000000E+00, 0.000000000E+00, 5.498411797E-01
 8.300000429E-02,-1.00E-02,-4.19E-03, 0.000000000E+00, 0.000000000E+00, 0.000000000E+00, 6.458063304E-01
 8.349999785E-02,-1.00E-02,-3.83E-03, 0.000000000E+00, 0.000000000E+00, 0.000000000E+00, 7.391292851E-01
 8.399999142E-02,-1.00E-02,-3.48E-03, 0.000000000E+00, 0.000000000E+00, 0.000000000E+00, 8.300240647E-01
 8.449999988E-02,-1.00E-02,-3.16E-03, 0.000000000E+00, 0.000000000E+00, 0.000000000E+00, 9.185752156E-01
 8.499999344E-02,-1.00E-02,-2.86E-03, 0.000000000E+00, 0.000000000E+00, 0.000000000E+00, 1.004771496E+00
 8.550000191E-02,-1.00E-02,-2.59E-03, 0.000000000E+00, 0.000000000E+00, 0.000000000E+00, 1.088584227E+00
 8.599999547E-02,-1.00E-02,-2.33E-03, 0.000000000E+00, 0.000000000E+00, 0.000000000E+00, 1.169960898E+00
 8.649998903E-02,-1.00E-02,-2.09E-03, 0.000000000E+00, 0.000000000E+00, 0.000000000E+00, 1.248856638E+00
 8.699999750E-02,-1.00E-02,-1.87E-03, 0.000000000E+00, 0.000000000E+00, 0.000000000E+00, 1.325230113E+00
 8.749999106E-02,-1.00E-02,-1.67E-03, 0.000000000E+00, 0.000000000E+00, 0.000000000E+00, 1.399036558E+00
 8.799999952E-02,-1.00E-02,-1.48E-03, 0.000000000E+00, 0.000000000E+00, 0.000000000E+00, 1.470248005E+00
 8.849999309E-02,-1.00E-02,-1.31E-03, 0.000000000E+00, 0.000000000E+00, 0.000000000E+00, 1.538837529E+00
 8.899998665E-02,-1.00E-02,-1.15E-03, 0.000000000E+00, 0.000000000E+00, 0.000000000E+00, 1.604787413E+00
 8.949999511E-02,-1.00E-02,-1.01E-03, 0.000000000E+00, 0.000000000E+00, 0.000000000E+00, 1.668091907E+00
 8.999998868E-02,-1.00E-02,-8.85E-04, 0.000000000E+00, 0.000000000E+00, 0.000000000E+00, 1.728747851E+00
 9.049999714E-02,-1.00E-02,-7.70E-04, 0.000000000E+00, 0.000000000E+00, 0.000000000E+00, 1.786763389E+00
 9.099999070E-02,-1.00E-02,-6.66E-04, 0.000000000E+00, 0.000000000E+00, 0.000000000E+00, 1.842148686E+00
 9.149998426E-02,-1.00E-02,-5.73E-04, 0.000000000E+00, 0.000000000E+00, 0.000000000E+00, 1.894925884E+00
 9.199999273E-02,-1.00E-02,-4.90E-04, 0.000000000E+00, 0.000000000E+00, 0.000000000E+00, 1.945124892E+00
 9.249998629E-02,-1.00E-02,-4.17E-04, 0.000000000E+00, 0.000000000E+00, 0.000000000E+00, 1.992774082E+00
 9.299999475E-02,-1.00E-02,-3.52E-04, 0.000000000E+00, 0.000000000E+00, 0.000000000E+00, 2.037914065E+00
 9.349998832E-02,-1.00E-02,-2.94E-04, 0.000000000E+00, 0.000000000E+00, 0.000000000E+00, 2.080586309E+00
 9.399998188E-02,-1.00E-02,-2.44E-04, 0.000000000E+00, 0.000000000E+00, 0.000000000E+00, 2.120836857E+00
 9.450000525E-02,-1.00E-02,-2.01E-04, 0.000000000E+00, 0.000000000E+00, 0.000000000E+00, 2.158723875E+00
 9.499998391E-02,-1.00E-02,-1.63E-04, 0.000000000E+00, 0.000000000E+00, 0.000000000E+00, 2.194294371E+00
 9.550000727E-02,-1.00E-02,-1.30E-04, 0.000000000E+00, 0.000000000E+00, 0.000000000E+00, 2.227613763E+00
 9.600000083E-02,-1.00E-02,-1.02E-04, 0.000000000E+00, 0.000000000E+00, 0.000000000E+00, 2.258740827E+00
 9.649997950E-02,-1.00E-02,-7.85E-05, 0.000000000E+00, 0.000000000E+00, 0.000000000E+00, 2.287736237E+00
 9.700000286E-02,-1.00E-02,-5.83E-05, 0.000000000E+00, 0.000000000E+00, 0.000000000E+00, 2.314671436E+00
 9.749999642E-02,-1.00E-02,-4.11E-05, 0.000000000E+00, 0.000000000E+00, 0.000000000E+00, 2.339610478E+00
 9.800000489E-02,-1.00E-02,-2.67E-05, 0.000000000E+00, 0.000000000E+00, 0.000000000E+00, 2.362626614E+00
 9.849999845E-02,-1.00E-02,-1.44E-05, 0.000000000E+00, 0.000000000E+00, 0.000000000E+00, 2.383788833E+00
 9.899999201E-02,-1.00E-02,-3.93E-06, 0.000000000E+00, 0.000000000E+00, 0.000000000E+00, 2.403167457E+00
 9.950000048E-02,-1.00E-02, 5.078582829E-06, 0.000000000E+00, 0.000000000E+00, 0.000000000E+00, 2.420834172E+00
 9.999999404E-02,-1.00E-02, 1.296725969E-05, 0.000000000E+00, 0.000000000E+00, 0.000000000E+00, 2.436857104E+00
 1.005000025E-01,-1.00E-02, 2.004738354E-05, 0.000000000E+00, 0.000000000E+00, 0.000000000E+00, 2.451311431E+00
 1.009999961E-01,-1.00E-02, 2.661513736E-05, 0.000000000E+00, 0.000000000E+00, 0.000000000E+00, 2.464265289E+00
 1.014999896E-01,-1.00E-02, 3.294273449E-05, 0.000000000E+00, 0.000000000E+00, 0.000000000E+00, 2.475781924E+00
 1.019999981E-01,-1.00E-02, 3.926953676E-05, 0.000000000E+00, 0.000000000E+00, 0.000000000E+00, 2.485936162E+00
 1.024999917E-01,-1.00E-02, 4.581266974E-05, 0.000000000E+00, 0.000000000E+00, 0.000000000E+00, 2.494796873E+00
 1.030000001E-01,-1.00E-02, 5.277617235E-05, 0.000000000E+00, 0.000000000E+00, 0.000000000E+00, 2.502431587E+00
 1.034999937E-01,-1.00E-02, 6.034123362E-05, 0.000000000E+00, 0.000000000E+00, 0.000000000E+00, 2.508905706E+00
 1.039999872E-01,-1.00E-02, 6.866388905E-05, 0.000000000E+00, 0.000000000E+00, 0.000000000E+00, 2.514278340E+00
 1.044999957E-01,-1.00E-02, 7.787959058E-05, 0.000000000E+00, 0.000000000E+00, 0.000000000E+00, 2.518615089E+00
 1.049999893E-01,-1.00E-02, 8.810827769E-05, 0.000000000E+00, 0.000000000E+00, 0.000000000E+00, 2.521979932E+00
 1.054999977E-01,-1.00E-02, 9.945366919E-05, 0.000000000E+00, 0.000000000E+00, 0.000000000E+00, 2.524432615E+00
 1.059999913E-01,-1.00E-02, 1.120074739E-04, 0.000000000E+00, 0.000000000E+00, 0.000000000E+00, 2.526031212E+00
 1.064999849E-01,-1.00E-02, 1.258264034E-04, 0.000000000E+00, 0.000000000E+00, 0.000000000E+00, 2.526837403E+00
 1.069999933E-01,-1.00E-02, 1.409463814E-04, 0.000000000E+00, 0.000000000E+00, 0.000000000E+00, 2.526913601E+00
 1.074999869E-01,-1.00E-02, 1.574324371E-04, 0.000000000E+00, 0.000000000E+00, 0.000000000E+00, 2.526319707E+00
 1.079999954E-01,-1.00E-02, 1.753454277E-04, 0.000000000E+00, 0.000000000E+00, 0.000000000E+00, 2.525076489E+00
 1.084999889E-01,-1.00E-02, 1.947115015E-04, 0.000000000E+00, 0.000000000E+00, 0.000000000E+00, 2.523218237E+00
 1.089999825E-01,-1.00E-02, 2.155363249E-04, 0.000000000E+00, 0.000000000E+00, 0.000000000E+00, 2.520820227E+00
 1.094999909E-01,-1.00E-02, 2.378199756E-04, 0.000000000E+00, 0.000000000E+00, 0.000000000E+00, 2.517936965E+00
 1.099999845E-01,-1.00E-02, 2.615555852E-04, 0.000000000E+00, 0.000000000E+00, 0.000000000E+00, 2.514608925E+00
 1.105000079E-01,-1.00E-02, 2.867265539E-04, 0.000000000E+00, 0.000000000E+00, 0.000000000E+00, 2.510879336E+00
 1.109999865E-01,-1.00E-02, 3.133053692E-04, 0.000000000E+00, 0.000000000E+00, 0.000000000E+00, 2.506787010E+00
 1.114999801E-01,-1.00E-02, 3.412692846E-04, 0.000000000E+00, 0.000000000E+00, 0.000000000E+00, 2.502363116E+00
 1.120000035E-01,-1.00E-02, 3.705875672E-04, 0.000000000E+00, 0.000000000E+00, 0.000000000E+00, 2.497648300E+00
 1.124999970E-01,-1.00E-02, 4.012189745E-04, 0.000000000E+00, 0.000000000E+00, 0.000000000E+00, 2.492675876E+00
 1.130000055E-01,-1.00E-02, 4.331238401E-04, 0.000000000E+00, 0.000000000E+00, 0.000000000E+00, 2.487478237E+00
 1.134999990E-01,-1.00E-02, 4.662535212E-04, 0.000000000E+00, 0.000000000E+00, 0.000000000E+00, 2.482089043E+00
 1.139999926E-01,-1.00E-02, 5.005592559E-04, 0.000000000E+00, 0.000000000E+00, 0.000000000E+00, 2.476534433E+00
 1.145000011E-01,-1.00E-02, 5.359887498E-04, 0.000000000E+00, 0.000000000E+00, 0.000000000E+00, 2.470844361E+00
 1.149999946E-01,-1.00E-02, 5.724831288E-04, 0.000000000E+00, 0.000000000E+00, 0.000000000E+00, 2.465045573E+00
 1.155000031E-01,-1.00E-02, 6.099851955E-04, 0.000000000E+00, 0.000000000E+00, 0.000000000E+00, 2.459163147E+00
 1.159999967E-01,-1.00E-02, 6.484318001E-04, 0.000000000E+00, 0.000000000E+00, 0.000000000E+00, 2.453221205E+00
 1.164999902E-01,-1.00E-02, 6.877608779E-04, 0.000000000E+00, 0.000000000E+00, 0.000000000E+00, 2.447239881E+00
 1.169999987E-01,-1.00E-02, 7.279099192E-04, 0.000000000E+00, 0.000000000E+00, 0.000000000E+00, 2.441243476E+00
 1.174999923E-01,-1.00E-02, 7.688106107E-04, 0.000000000E+00, 0.000000000E+00, 0.000000000E+00, 2.435250300E+00
 1.180000007E-01,-1.00E-02, 8.103987706E-04, 0.000000000E+00, 0.000000000E+00, 0.000000000E+00, 2.429278329E+00
 1.184999943E-01,-1.00E-02, 8.526060847E-04, 0.000000000E+00, 0.000000000E+00, 0.000000000E+00, 2.423345664E+00
 1.189999878E-01,-1.00E-02, 8.953675274E-04, 0.000000000E+00, 0.000000000E+00, 0.000000000E+00, 2.417463780E+00
 1.194999963E-01,-1.00E-02, 9.386189960E-04, 0.000000000E+00, 0.000000000E+00, 0.000000000E+00, 2.411649129E+00
 1.199999899E-01,-1.00E-02, 9.822913495E-04, 0.000000000E+00, 0.000000000E+00, 0.000000000E+00, 2.405916206E+00
 1.204999983E-01,-1.00E-02, 1.026319553E-03, 0.000000000E+00, 0.000000000E+00, 0.000000000E+00, 2.400278392E+00
 1.209999919E-01,-1.00E-02, 1.070633705E-03, 0.000000000E+00, 0.000000000E+00, 0.000000000E+00, 2.394749031E+00
 1.214999855E-01,-1.00E-02, 1.115169335E-03, 0.000000000E+00, 0.000000000E+00, 0.000000000E+00, 2.389337956E+00
 1.219999939E-01,-1.00E-02, 1.159860504E-03, 0.000000000E+00, 0.000000000E+00, 0.000000000E+00, 2.384059008E+00
 1.224999875E-01,-1.00E-02, 1.204641784E-03, 0.000000000E+00, 0.000000000E+00, 0.000000000E+00, 2.378919937E+00
 1.229999959E-01,-1.00E-02, 1.249455657E-03, 0.000000000E+00, 0.000000000E+00, 0.000000000E+00, 2.373929779E+00
 1.234999895E-01,-1.00E-02, 1.294235757E-03, 0.000000000E+00, 0.000000000E+00, 0.000000000E+00, 2.369098199E+00
 1.239999831E-01,-1.00E-02, 1.338921155E-03, 0.000000000E+00, 0.000000000E+00, 0.000000000E+00, 2.364425616E+00
 1.244999915E-01,-1.00E-02, 1.383453182E-03, 0.000000000E+00, 0.000000000E+00, 0.000000000E+00, 2.359915838E+00
 1.249999851E-01,-1.00E-02, 1.427771971E-03, 0.000000000E+00, 0.000000000E+00, 0.000000000E+00, 2.355571643E+00
 1.255000085E-01,-1.00E-02, 1.471826216E-03, 0.000000000E+00, 0.000000000E+00, 0.000000000E+00, 2.351400512E+00
 1.259999871E-01,-1.00E-02, 1.515555802E-03, 0.000000000E+00, 0.000000000E+00, 0.000000000E+00, 2.347407882E+00
 1.264999807E-01,-1.00E-02, 1.558913905E-03, 0.000000000E+00, 0.000000000E+00, 0.000000000E+00, 2.343593602E+00
 1.270000041E-01,-1.00E-02, 1.601849706E-03, 0.000000000E+00, 0.000000000E+00, 0.000000000E+00, 2.339965302E+00
 1.274999827E-01,-1.00E-02, 1.644305291E-03, 0.000000000E+00, 0.000000000E+00, 0.000000000E+00, 2.336525043E+00
 1.280000061E-01,-1.00E-02, 1.686239596E-03, 0.000000000E+00, 0.000000000E+00, 0.000000000E+00, 2.333274253E+00
 1.284999996E-01,-1.00E-02, 1.727599185E-03, 0.000000000E+00, 0.000000000E+00, 0.000000000E+00, 2.330216583E+00
 1.289999932E-01,-1.00E-02, 1.768340929E-03, 0.000000000E+00, 0.000000000E+00, 0.000000000E+00, 2.327350232E+00
 1.295000017E-01,-1.00E-02, 1.808420993E-03, 0.000000000E+00, 0.000000000E+00, 0.000000000E+00, 2.324677689E+00
 1.299999952E-01,-1.00E-02, 1.847794163E-03, 0.000000000E+00, 0.000000000E+00, 0.000000000E+00, 2.322199492E+00
 1.305000037E-01,-1.00E-02, 1.886421226E-03, 0.000000000E+00, 0.000000000E+00, 0.000000000E+00, 2.319915245E+00
 1.309999973E-01,-1.00E-02, 1.924259530E-03, 0.000000000E+00, 0.000000000E+00, 0.000000000E+00, 2.317825135E+00
 1.314999908E-01,-1.00E-02, 1.961273160E-03, 0.000000000E+00, 0.000000000E+00, 0.000000000E+00, 2.315926978E+00
 1.319999993E-01,-1.00E-02, 1.997424439E-03, 0.000000000E+00, 0.000000000E+00, 0.000000000E+00, 2.314222937E+00
 1.324999928E-01,-1.00E-02, 2.032675288E-03, 0.000000000E+00, 0.000000000E+00, 0.000000000E+00, 2.312710562E+00
 1.330000013E-01,-1.00E-02, 2.066995153E-03, 0.000000000E+00, 0.000000000E+00, 0.000000000E+00, 2.311388453E+00
 1.334999949E-01,-1.00E-02, 2.100348240E-03, 0.000000000E+00, 0.000000000E+00, 0.000000000E+00, 2.310256714E+00
 1.339999884E-01,-1.00E-02, 2.132704128E-03, 0.000000000E+00, 0.000000000E+00, 0.000000000E+00, 2.309310294E+00
 1.344999969E-01,-1.00E-02, 2.164034519E-03, 0.000000000E+00, 0.000000000E+00, 0.000000000E+00, 2.308549572E+00
 1.349999905E-01,-1.00E-02, 2.194301004E-03, 0.000000000E+00, 0.000000000E+00, 0.000000000E+00, 2.307971863E+00
 1.354999989E-01,-1.00E-02, 2.223470229E-03, 0.000000000E+00, 0.000000000E+00, 0.000000000E+00, 2.307575366E+00
 1.359999925E-01,-1.00E-02, 2.251523081E-03, 0.000000000E+00, 0.000000000E+00, 0.000000000E+00, 2.307358043E+00
 1.364999861E-01,-1.00E-02, 2.278454871E-03, 0.000000000E+00, 0.000000000E+00, 0.000000000E+00, 2.307315528E+00
 1.369999945E-01,-1.00E-02, 2.304267559E-03, 0.000000000E+00, 0.000000000E+00, 0.000000000E+00, 2.307446191E+00
 1.374999881E-01,-1.00E-02, 2.328901606E-03, 0.000000000E+00, 0.000000000E+00, 0.000000000E+00, 2.307743519E+00
 1.379999965E-01,-1.00E-02, 2.352305159E-03, 0.000000000E+00, 0.000000000E+00, 0.000000000E+00, 2.308208926E+00
 1.384999901E-01,-1.00E-02, 2.374481643E-03, 0.000000000E+00, 0.000000000E+00, 0.000000000E+00, 2.308837165E+00
 1.389999837E-01,-1.00E-02, 2.395425422E-03, 0.000000000E+00, 0.000000000E+00, 0.000000000E+00, 2.309627699E+00
 1.394999921E-01,-1.00E-02, 2.415095016E-03, 0.000000000E+00, 0.000000000E+00, 0.000000000E+00, 2.310578570E+00
 1.399999857E-01,-1.00E-02, 2.433465196E-03, 0.000000000E+00, 0.000000000E+00, 0.000000000E+00, 2.311679272E+00
 1.404999942E-01,-1.00E-02, 2.450549283E-03, 0.000000000E+00, 0.000000000E+00, 0.000000000E+00, 2.312935877E+00
 1.409999877E-01,-1.00E-02, 2.466323785E-03, 0.000000000E+00, 0.000000000E+00, 0.000000000E+00, 2.314339389E+00
 1.414999813E-01,-1.00E-02, 2.480769660E-03, 0.000000000E+00, 0.000000000E+00, 0.000000000E+00, 2.315879873E+00
 1.419999897E-01,-1.00E-02, 2.493871585E-03, 0.000000000E+00, 0.000000000E+00, 0.000000000E+00, 2.317556770E+00
 1.424999833E-01,-1.00E-02, 2.505616818E-03, 0.000000000E+00, 0.000000000E+00, 0.000000000E+00, 2.319359824E+00
 1.430000067E-01,-1.00E-02, 2.516008709E-03, 0.000000000E+00, 0.000000000E+00, 0.000000000E+00, 2.321291161E+00
 1.435000002E-01,-1.00E-02, 2.525033375E-03, 0.000000000E+00, 0.000000000E+00, 0.000000000E+00, 2.323353856E+00
 1.439999789E-01,-1.00E-02, 2.532677919E-03, 0.000000000E+00, 0.000000000E+00, 0.000000000E+00, 2.325538191E+00
 1.445000023E-01,-1.00E-02, 2.538929776E-03, 0.000000000E+00, 0.000000000E+00, 0.000000000E+00, 2.327839134E+00
 1.449999958E-01,-1.00E-02, 2.543787208E-03, 0.000000000E+00, 0.000000000E+00, 0.000000000E+00, 2.330257414E+00
 1.455000043E-01,-1.00E-02, 2.547227332E-03, 0.000000000E+00, 0.000000000E+00, 0.000000000E+00, 2.332768957E+00
 1.459999979E-01,-1.00E-02, 2.549286815E-03, 0.000000000E+00, 0.000000000E+00, 0.000000000E+00, 2.335442798E+00
 1.464999914E-01,-1.00E-02, 2.549957950E-03, 0.000000000E+00, 0.000000000E+00, 0.000000000E+00, 2.338139731E+00
 1.469999999E-01,-1.00E-02, 2.549143380E-03, 0.000000000E+00, 0.000000000E+00, 0.000000000E+00, 2.340934407E+00
 1.474999934E-01,-1.00E-02, 2.546911499E-03, 0.000000000E+00, 0.000000000E+00, 0.000000000E+00, 2.343905539E+00
 1.480000019E-01,-1.00E-02, 2.543289066E-03, 0.000000000E+00, 0.000000000E+00, 0.000000000E+00, 2.346912252E+00
 1.484999955E-01,-1.00E-02, 2.538233064E-03, 0.000000000E+00, 0.000000000E+00, 0.000000000E+00, 2.350018225E+00
 1.489999890E-01,-1.00E-02, 2.531753441E-03, 0.000000000E+00, 0.000000000E+00, 0.000000000E+00, 2.353201628E+00
 1.494999975E-01,-1.00E-02, 2.523845929E-03, 0.000000000E+00, 0.000000000E+00, 0.000000000E+00, 2.356464582E+00
 1.499999911E-01,-1.00E-02, 2.514515962E-03, 0.000000000E+00, 0.000000000E+00, 0.000000000E+00, 2.359801958E+00
 1.504999995E-01,-1.00E-02, 2.503763333E-03, 0.000000000E+00, 0.000000000E+00, 0.000000000E+00, 2.363210780E+00
 1.509999931E-01,-1.00E-02, 2.491590101E-03, 0.000000000E+00, 0.000000000E+00, 0.000000000E+00, 2.366686680E+00
 1.514999866E-01,-1.00E-02, 2.477999301E-03, 0.000000000E+00, 0.000000000E+00, 0.000000000E+00, 2.370223060E+00
 1.519999951E-01,-1.00E-02, 2.462993608E-03, 0.000000000E+00, 0.000000000E+00, 0.000000000E+00, 2.373820037E+00
 1.524999887E-01,-1.00E-02, 2.446578361E-03, 0.000000000E+00, 0.000000000E+00, 0.000000000E+00, 2.377471316E+00
 1.529999971E-01,-1.00E-02, 2.428758169E-03, 0.000000000E+00, 0.000000000E+00, 0.000000000E+00, 2.381172762E+00
 1.534999907E-01,-1.00E-02, 2.409540117E-03, 0.000000000E+00, 0.000000000E+00, 0.000000000E+00, 2.384922509E+00
 1.539999843E-01,-1.00E-02, 2.388931504E-03, 0.000000000E+00, 0.000000000E+00, 0.000000000E+00, 2.388713472E+00
 1.544999927E-01,-1.00E-02, 2.366939507E-03, 0.000000000E+00, 0.000000000E+00, 0.000000000E+00, 2.392545014E+00
 1.549999863E-01,-1.00E-02, 2.343573205E-03, 0.000000000E+00, 0.000000000E+00, 0.000000000E+00, 2.396412894E+00
 1.554999948E-01,-1.00E-02, 2.318840285E-03, 0.000000000E+00, 0.000000000E+00, 0.000000000E+00, 2.400313879E+00
 1.559999883E-01,-1.00E-02, 2.292750869E-03, 0.000000000E+00, 0.000000000E+00, 0.000000000E+00, 2.404245447E+00
 1.564999819E-01,-1.00E-02, 2.265313850E-03, 0.000000000E+00, 0.000000000E+00, 0.000000000E+00, 2.408202257E+00
 1.569999903E-01,-1.00E-02, 2.236537649E-03, 0.000000000E+00, 0.000000000E+00, 0.000000000E+00, 2.412184648E+00
 1.574999839E-01,-1.00E-02, 2.206434605E-03, 0.000000000E+00, 0.000000000E+00, 0.000000000E+00, 2.416187235E+00
 1.580000073E-01,-1.00E-02, 2.175013400E-03, 0.000000000E+00, 0.000000000E+00, 0.000000000E+00, 2.420207248E+00
 1.584999859E-01,-1.00E-02, 2.142290950E-03, 0.000000000E+00, 0.000000000E+00, 0.000000000E+00, 2.424242310E+00
 1.589999795E-01,-1.00E-02, 2.108276523E-03, 0.000000000E+00, 0.000000000E+00, 0.000000000E+00, 2.428285374E+00
 1.595000029E-01,-1.00E-02, 2.072980558E-03, 0.000000000E+00, 0.000000000E+00, 0.000000000E+00, 2.432339135E+00
 1.599999964E-01,-1.00E-02, 2.036420556E-03, 0.000000000E+00, 0.000000000E+00, 0.000000000E+00, 2.436400170E+00
 1.605000049E-01,-1.00E-02, 1.998606783E-03, 0.000000000E+00, 0.000000000E+00, 0.000000000E+00, 2.440463668E+00
 1.609999985E-01,-1.00E-02, 1.959555491E-03, 0.000000000E+00, 0.000000000E+00, 0.000000000E+00, 2.444528335E+00
 1.614999920E-01,-1.00E-02, 1.919277711E-03, 0.000000000E+00, 0.000000000E+00, 0.000000000E+00, 2.448591745E+00
 1.619999856E-01,-1.00E-02, 1.877789036E-03, 0.000000000E+00, 0.000000000E+00, 0.000000000E+00, 2.452651373E+00
 1.624999791E-01,-1.00E-02, 1.835104490E-03, 0.000000000E+00, 0.000000000E+00, 0.000000000E+00, 2.456703279E+00
 1.630000025E-01,-1.00E-02, 1.791233291E-03, 0.000000000E+00, 0.000000000E+00, 0.000000000E+00, 2.460748974E+00
 1.634999961E-01,-1.00E-02, 1.746199094E-03, 0.000000000E+00, 0.000000000E+00, 0.000000000E+00, 2.464785622E+00
 1.639999896E-01,-1.00E-02, 1.700011955E-03, 0.000000000E+00, 0.000000000E+00, 0.000000000E+00, 2.468808296E+00
 1.644999832E-01,-1.00E-02, 1.652688312E-03, 0.000000000E+00, 0.000000000E+00, 0.000000000E+00, 2.472816128E+00
 1.649999768E-01,-1.00E-02, 1.604244319E-03, 0.000000000E+00, 0.000000000E+00, 0.000000000E+00, 2.476805021E+00
 1.655000001E-01,-1.00E-02, 1.554692349E-03, 0.000000000E+00, 0.000000000E+00, 0.000000000E+00, 2.480777149E+00
 1.659999937E-01,-1.00E-02, 1.504052198E-03, 0.000000000E+00, 0.000000000E+00, 0.000000000E+00, 2.484730148E+00
 1.664999872E-01,-1.00E-02, 1.452339951E-03, 0.000000000E+00, 0.000000000E+00, 0.000000000E+00, 2.488656693E+00
 1.670000106E-01,-1.00E-02, 1.399570710E-03, 0.000000000E+00, 0.000000000E+00, 0.000000000E+00, 2.492561581E+00
 1.674999744E-01,-1.00E-02, 1.345766057E-03, 0.000000000E+00, 0.000000000E+00, 0.000000000E+00, 2.496440206E+00
 1.679999977E-01,-1.00E-02, 1.290930251E-03, 0.000000000E+00, 0.000000000E+00, 0.000000000E+00, 2.500291253E+00
 1.684999913E-01,-1.00E-02, 1.235091535E-03, 0.000000000E+00, 0.000000000E+00, 0.000000000E+00, 2.504114810E+00
 1.689999849E-01,-1.00E-02, 1.178262736E-03, 0.000000000E+00, 0.000000000E+00, 0.000000000E+00, 2.507904100E+00
 1.695000082E-01,-1.00E-02, 1.120453880E-03, 0.000000000E+00, 0.000000000E+00, 0.000000000E+00, 2.511663023E+00
 1.700000018E-01,-1.00E-02, 1.061693183E-03, 0.000000000E+00, 0.000000000E+00, 0.000000000E+00, 2.515389788E+00
 1.704999954E-01,-1.00E-02, 1.001990837E-03, 0.000000000E+00, 0.000000000E+00, 0.000000000E+00, 2.519079991E+00
 1.709999889E-01,-1.00E-02, 9.413652588E-04, 0.000000000E+00, 0.000000000E+00, 0.000000000E+00, 2.522733525E+00
 1.714999825E-01,-1.00E-02, 8.798332925E-04, 0.000000000E+00, 0.000000000E+00, 0.000000000E+00, 2.526347344E+00
 1.720000058E-01,-1.00E-02, 8.174037157E-04, 0.000000000E+00, 0.000000000E+00, 0.000000000E+00, 2.529925056E+00
 1.724999994E-01,-1.00E-02, 7.541036757E-04, 0.000000000E+00, 0.000000000E+00, 0.000000000E+00, 2.533464825E+00
 1.729999930E-01,-1.00E-02, 6.899468135E-04, 0.000000000E+00, 0.000000000E+00, 0.000000000E+00, 2.536961306E+00
 1.734999865E-01,-1.00E-02, 6.249507132E-04, 0.000000000E+00, 0.000000000E+00, 0.000000000E+00, 2.540417801E+00
 1.739999801E-01,-1.00E-02, 5.591250931E-04, 0.000000000E+00, 0.000000000E+00, 0.000000000E+00, 2.543830830E+00
 1.745000035E-01,-1.00E-02, 4.924824804E-04, 0.000000000E+00, 0.000000000E+00, 0.000000000E+00, 2.547206504E+00
 1.749999970E-01,-1.00E-02, 4.250459897E-04, 0.000000000E+00, 0.000000000E+00, 0.000000000E+00, 2.550541494E+00
 1.754999906E-01,-1.00E-02, 3.568329121E-04, 0.000000000E+00, 0.000000000E+00, 0.000000000E+00, 2.553846617E+00
 1.759999841E-01,-1.00E-02, 2.878452942E-04, 0.000000000E+00, 0.000000000E+00, 0.000000000E+00, 2.557119335E+00
 1.764999777E-01,-1.00E-02, 2.181875041E-04, 0.000000000E+00, 0.000000000E+00, 0.000000000E+00, 2.560436405E+00
 1.770000011E-01,-1.00E-02, 1.478928848E-04, 0.000000000E+00, 0.000000000E+00, 0.000000000E+00, 2.563908286E+00
 1.774999946E-01,-1.00E-02, 7.687813013E-05, 0.000000000E+00, 0.000000000E+00, 0.000000000E+00, 2.567598519E+00
 1.779999882E-01,-1.00E-02, 2.059433029E-05, 0.000000000E+00, 0.000000000E+00, 0.000000000E+00, 2.569512772E+00
